hsa64409,0.22599,0.13125,0.065328,0.24734,0.09531,0.073667,0.4692,-0.014469,0.035606,-0.0017761,0.17795,0.11282,-0.10266,0.33597,0.6465,0.41633,-0.098745,-0.070663,0.097793,0.32975,0.27471,-0.21076,0.70059,0.55207,0.17033,0.52943,-0.25112,-0.099148,0.83171,-0.047216,-0.16326,0.38817,0.34317,0.22391,0.1105,0.10927,-0.28942,0.57901,-0.24009,0.39602,0.42026,0.43648,0.38657,-0.45884,-0.31557,0.43571,-0.22149,-0.0224,0.40374,0.50307,0.28719,0.055871,0.13138,-0.41161,-0.11844,0.39992,0.68188,0.22062,0.27346,-0.43325,-0.27909,0.39787,-0.24817,-0.061095,0.42972,0.3151,0.26496,0.010633,0.026604,-0.39642,-0.26305,-0.26283,0.0063077,-0.22845,0.30914,0.29916,-0.2059,0.26349,0.0011637,-0.099998,0.028482,0.20527,-0.2216,-0.07542,0.26875,0.74662,0.19718,0.53502,-0.39368,-0.14627,0.78227,-0.040574,-0.097999,0.23026,0.25735,0.1885,0.23784,0.16659,-0.43445,0.16276,0.45771,-0.47626,-0.18386,0.61337,-0.1129,-0.088718,0.36135,0.24753,0.13829,0.25721,0.14021,-0.48727,0.09239,-0.27995,-0.19828,0.23003,-0.13877,-0.072478,0.33332,0.5267,0.22529,0.0084966,-0.066659,-0.24461,-0.32322,-0.18417,0.5156,-0.13577,0.16295,0.34046,0.12831,0.052404,0.23949,0.4461,-0.35965,0.70561,-0.31177,0.5713,0.27876,-0.17404,-0.31021,0.074902,-0.17877,0.06942,0.84422,-0.11022,0.66658,0.3058,-0.15326,-0.27251,0.072327,-0.00039738,0.11979,0.55583,-0.037907,-0.21936,0.37247,0.36085,0.35227,0.1175,0.098264,-0.32672,0.18503,-0.076715,-0.08497,0.2011,0.0027955,0.12024,0.45907,-0.085352,-0.20961,-0.1135,0.40232,0.69508,0.12603,0.44219,0.34153,-0.11141,0.10815,-0.149,0.56723,-0.11048,-0.050637,-0.19571,-0.16539,-0.0010148,0.18337,0.45328,-0.3229,-0.061485
hsa841,0.22612,0.29298,0.38537,0.19815,0.28679,0.38848,0.42547,0.080394,-0.31263,-0.29318,0.24949,-0.09636,-0.14659,0.47728,0.61802,0.45498,0.14836,0.053998,-0.1619,0.43955,0.32158,-0.10862,0.66539,0.45039,0.10133,0.30122,-0.44975,-0.35176,0.7792,-0.16816,-0.36944,0.30712,0.43173,0.35465,0.11191,0.084682,-0.41589,0.72234,-0.10258,0.52788,0.53966,0.41857,0.43949,-0.51097,-0.38661,0.55804,-0.215,-0.30009,0.42584,0.57202,0.55241,0.14782,0.019132,-0.302,-0.064958,0.50905,0.74737,0.49625,0.4519,-0.402,-0.2854,0.48612,-0.2034,-0.20135,0.4093,0.65023,0.52395,0.29552,-0.0168,-0.2552,-0.10178,-0.10593,0.0024564,0.022311,0.19663,0.20342,-0.15832,0.10962,0.06716,0.038098,0.032446,0.069266,0.09468,-0.031564,0.25422,0.75065,0.2414,0.42819,-0.31242,-0.31942,0.73704,-0.052921,-0.33994,0.38204,0.50228,0.43441,0.096433,-0.00072804,-0.26092,0.40757,0.40292,-0.37902,-0.32248,0.64703,-0.14071,-0.33444,0.39289,0.55609,0.47722,0.15134,-0.082357,-0.35023,0.22568,-0.39519,-0.34825,0.19725,-0.3065,-0.29459,0.45196,0.47993,0.27629,0.14095,-0.213,-0.22246,-0.12046,-0.073866,0.36055,0.017414,-0.073044,0.31785,0.26303,0.27893,0.29425,0.24111,-0.11238,0.76015,-0.40023,0.59973,0.48598,-0.30437,-0.50335,-0.28221,-0.052562,-0.0071538,0.77138,-0.38417,0.71044,0.50217,-0.27734,-0.46975,-0.11782,0.10943,0.087376,0.63922,-0.14337,-0.43073,0.42845,0.49631,0.38687,0.07305,-0.012747,-0.36523,0.41139,-0.1614,-0.27481,0.045892,0.15601,0.15928,0.49133,-0.22488,-0.2568,-0.20328,0.37519,0.46849,0.39408,0.56661,0.48583,0.24969,0.17783,-0.14942,0.61082,0.2609,0.057785,-0.27848,0.10541,0.14491,-0.10248,0.43489,0.070144,-0.033146
hsa134510,-0.036876,0.15107,0.099385,0.26166,0.047665,0.18261,0.20094,0.14362,-0.16377,-0.25269,0.080809,-0.24634,-0.26311,0.3402,0.55091,0.32653,-0.13182,-0.02293,0.072239,0.13176,0.010525,0.12716,0.61941,0.20559,0.18834,0.45023,-0.40095,-0.22283,0.66678,-0.035297,-0.18153,0.049697,0.082356,-0.073177,0.09192,0.16455,-0.39659,0.67869,-0.12275,0.2425,0.61421,0.32194,0.14931,-0.42105,-0.52378,0.33973,-0.41584,-0.35495,0.23801,0.51716,0.24737,-0.024661,0.033688,-0.41471,-0.14176,0.24476,0.76931,0.16677,0.051515,-0.32951,-0.39766,0.29103,-0.38377,-0.23065,0.25745,0.43457,0.2764,0.073546,-0.011743,-0.37635,-0.09871,-0.17352,0.073719,0.24867,0.058165,0.12073,-0.10654,0.12892,-0.05266,-0.051479,0.053591,0.17747,-0.13585,0.20072,0.26111,0.48818,0.17067,0.34843,-0.40184,-0.24484,0.67303,-0.16917,-0.29629,0.11192,0.049455,-0.11868,-0.093617,-0.031473,-0.4462,0.091336,0.22387,-0.39036,-0.39329,0.44787,-0.42297,-0.2315,0.20919,0.35788,0.11575,-0.014085,0.039463,-0.43663,0.17802,-0.30558,-0.24097,0.32855,-0.21604,-0.2283,0.18078,0.18418,0.11082,0.18774,0.14045,-0.21511,-0.4671,-0.32657,0.17536,-0.15801,0.039343,0.021903,0.18501,-0.055178,0.17836,0.57785,-0.38465,0.79612,-0.3607,0.61065,0.31665,-0.22742,-0.42493,-0.050318,-0.016898,-0.19121,0.85211,-0.36822,0.71804,0.39666,-0.36985,-0.48345,-0.11536,0.040894,-0.12716,0.67693,-0.25066,-0.3084,0.19435,0.12803,-0.046136,0.039288,0.0009196,-0.43199,0.30044,-0.2926,-0.38734,-0.11662,0.03662,-0.058957,0.4799,-0.1907,-0.24924,-0.17527,0.50699,0.57819,0.15299,0.20716,0.15394,0.07457,-0.02333,-0.20009,0.60872,0.14775,0.10893,-0.28458,0.019114,-0.10073,0.13512,0.54867,-0.17217,-0.24997
hsa10678,0.17817,0.20793,0.072747,0.13214,0.24771,0.097701,0.23606,0.25065,-0.11433,-0.10872,0.25082,-0.014968,-0.20718,0.033436,0.52872,0.39757,-0.16437,-0.21325,-0.0337,0.52137,0.36656,-0.12346,0.73409,0.53035,0.1274,0.59275,-0.34357,-0.25922,0.78266,-0.20357,-0.22484,0.33827,0.42688,0.1621,0.19789,-0.053494,-0.33846,0.67789,0.055537,0.62594,0.64891,0.37694,0.62023,-0.45561,-0.47232,0.63932,-0.30436,-0.42134,0.32739,0.60139,0.27479,-0.028081,-0.16357,-0.37956,-0.01624,0.51033,0.67772,0.25347,0.36289,-0.45046,-0.51891,0.45359,-0.35586,-0.38686,0.3627,0.44596,0.17901,0.0074646,-0.1371,-0.4219,-0.24506,-0.15248,0.22819,0.044981,0.047862,-0.10433,-0.12815,0.0096869,0.13293,0.12472,0.11555,0.12351,0.1611,0.08374,-0.002357,0.76667,0.15375,0.60892,-0.46415,-0.32767,0.83359,-0.22993,-0.35949,0.30469,0.53598,0.15526,0.20024,-0.05946,-0.46302,0.13126,0.48326,-0.51695,-0.41636,0.72188,-0.28728,-0.40307,0.43418,0.58144,0.18142,0.25196,-0.015052,-0.52099,0.16408,-0.25085,-0.34667,0.19078,-0.24243,-0.34396,0.19928,0.30028,0.23965,-0.064938,-0.21691,-0.16339,-0.272,-0.26301,0.57612,-0.1649,-0.068025,0.40686,0.48805,0.3537,0.16443,0.22853,-0.25489,0.80483,-0.41991,0.70596,0.26316,-0.34155,-0.57651,-0.076025,-0.17598,-0.018386,0.88454,-0.30051,0.82926,0.33154,-0.23974,-0.49785,-0.086896,-0.002428,0.12377,0.70987,-0.20878,-0.40584,0.35521,0.58508,0.24587,0.17312,-0.1466,-0.39721,0.21393,-0.18945,-0.40506,-0.0017616,-0.036507,0.051243,0.57624,-0.19243,-0.33867,-0.28175,0.33405,0.68682,0.22408,0.47469,0.41047,0.32744,0.08663,-0.34083,0.56623,0.095032,-0.11543,-0.49458,-0.05326,-0.089584,-0.041059,0.56417,-0.23466,-0.067315
hsa4123,0.085072,0.080925,-0.00031805,0.1209,0.07509,0.039465,0.334,0.012156,-0.041393,-0.12794,0.1296,-0.094753,-0.26841,0.18914,0.52802,0.31725,-0.14485,-0.21884,0.11714,0.35379,0.29357,-0.24619,0.66087,0.56976,-0.18059,0.38874,-0.14434,-0.084538,0.83572,-0.036116,-0.23553,0.038714,0.27994,0.053553,-0.19664,-0.068273,-0.14927,0.68503,-0.10964,0.41312,0.53237,0.15317,0.37626,-0.29783,-0.25957,0.43549,-0.22648,-0.25227,0.13086,0.44642,0.13296,-0.16828,-0.12179,-0.32016,-0.19522,0.40745,0.65633,0.12554,0.27277,-0.37546,-0.34207,0.40332,-0.31892,-0.23419,0.12325,0.32167,0.021282,-0.10781,-0.10267,-0.42206,-0.2791,-0.25181,0.04654,-0.23587,0.1056,0.03656,-0.25943,0.010531,-0.096786,-0.099408,0.028573,0.071009,-0.0902,-0.13061,0.14457,0.78277,-0.086902,0.41367,-0.28595,-0.16295,0.76401,-0.1035,-0.36299,0.043646,0.32354,0.059672,-0.12931,-0.082001,-0.29443,-0.043693,0.35156,-0.33867,-0.25185,0.6921,-0.22085,-0.36624,0.1264,0.35607,0.065564,-0.12561,-0.11652,-0.34984,-0.037709,-0.40951,-0.36816,-0.047348,-0.35322,-0.15014,0.10787,0.27394,-0.03763,-0.011382,-0.18241,-0.3459,-0.22522,-0.17531,0.38772,-0.093258,0.035221,-0.051428,0.12227,-0.07491,0.067633,0.27473,-0.24936,0.7663,-0.24489,0.68713,0.25475,-0.24585,-0.34389,-0.024672,-0.15146,0.034238,0.8618,-0.17021,0.77046,0.38478,-0.3386,-0.36513,-0.083189,-0.059583,0.16737,0.62949,-0.13218,-0.31581,0.063689,0.34318,0.073608,-0.2202,-0.12833,-0.2375,0.30566,-0.29208,-0.3812,-0.12039,0.0026452,0.21685,0.57743,-0.28415,-0.37449,-0.20881,0.51573,0.71881,0.15582,0.32835,0.26441,-0.022291,-0.23802,-0.15214,0.58119,-0.17128,-0.24126,-0.26808,-0.10643,-0.1285,0.094818,0.62353,-0.1425,-0.035493
hsa1394,-0.11272,-0.14592,-0.041708,0.06792,-0.064725,-0.022792,0.31292,-0.25892,0.30557,0.1624,-0.10975,0.26638,0.043682,0.18953,0.27835,0.33161,-0.12095,-0.34677,0.39432,0.75591,0.69309,-0.46606,0.86135,0.77685,0.23128,0.75558,-0.56946,-0.599,0.95479,-0.31655,-0.49493,0.51006,0.53526,0.38251,0.1939,0.12972,-0.49756,0.8995,-0.53823,0.79318,0.81666,0.49553,0.71474,-0.62246,-0.65693,0.7708,-0.33377,-0.51523,0.6353,0.6453,0.44831,0.21363,0.16668,-0.55283,-0.51523,0.8143,0.88461,0.50322,0.64688,-0.55619,-0.56823,0.72013,-0.2843,-0.43612,0.65079,0.57854,0.37468,0.24924,0.13866,-0.49248,-0.42106,-0.45927,-0.24382,-0.42376,0.22456,0.35096,-0.43633,0.25347,0.18385,-0.42739,-0.23285,-0.25807,-0.1392,-0.18828,0.15882,0.91135,0.33253,0.75579,-0.58382,-0.61817,0.88442,-0.28478,-0.55891,0.57031,0.57032,0.35976,0.15334,0.097535,-0.49804,0.37767,0.68802,-0.53933,-0.5509,0.80089,-0.26982,-0.44842,0.66233,0.54776,0.315,0.15525,0.067789,-0.44882,0.20976,-0.29059,-0.4348,0.25284,-0.20062,-0.29967,0.60264,0.60512,0.44956,0.20536,-0.057118,-0.16394,-0.57289,-0.66034,0.75986,-0.36384,-0.4707,0.40899,0.437,0.30264,0.20269,0.30054,-0.57,0.78311,-0.5581,0.53813,0.54639,-0.35429,-0.44002,-0.22484,-0.16019,-0.093514,0.85493,-0.60601,0.63909,0.70139,-0.4078,-0.52698,-0.3514,-0.087924,0.013371,0.64801,-0.35144,-0.54642,0.50356,0.57444,0.3751,0.14399,0.13194,-0.52852,0.49175,-0.18802,-0.34422,-0.21622,0.055195,0.11794,0.54216,-0.31376,-0.58086,-0.43053,0.10937,0.33114,0.43451,0.60237,0.40767,0.27308,0.045268,-0.27205,0.68641,0.099021,-0.13845,-0.35832,0.03227,-0.18887,-0.061159,0.41435,-0.21592,-0.24581
hsa238,-0.16318,0.10364,0.08078,0.10631,-0.044648,0.021049,0.48092,-0.15519,-0.093864,-0.14032,-0.057526,-0.12105,-0.18418,0.12287,0.52098,0.37871,-0.1874,-0.26811,0.049685,0.45001,0.24432,-0.26845,0.6524,0.44726,-0.032732,0.54584,-0.33259,-0.27342,0.82633,-0.037223,-0.25555,0.17508,0.21141,0.13683,0.0082062,0.025429,-0.35671,0.64885,-0.20775,0.51832,0.54054,0.34242,0.46859,-0.49886,-0.47118,0.52689,-0.31347,-0.35838,0.28617,0.59377,0.34048,-0.092705,-0.079748,-0.46985,-0.24522,0.5178,0.73258,0.15258,0.31478,-0.4102,-0.37429,0.39568,-0.27051,-0.27268,0.40999,0.513,0.28709,-0.16355,-0.12668,-0.40423,-0.33321,-0.32619,0.057741,-0.18467,0.16643,0.17264,-0.3346,0.085649,0.14936,-0.20478,-0.12719,-0.052714,0.12838,0.10163,0.18043,0.77223,0.011142,0.50108,-0.3601,-0.30241,0.74016,-0.070305,-0.34881,0.31363,0.39123,0.24513,-0.112,-0.064823,-0.34876,0.093816,0.40392,-0.40265,-0.34789,0.61258,-0.19993,-0.33932,0.40838,0.42804,0.25663,-0.18203,-0.14187,-0.37898,-0.037898,-0.32386,-0.34837,0.045332,-0.32294,-0.22204,0.14196,0.43384,0.23434,-0.060218,-0.17962,-0.23915,-0.34699,-0.27914,0.50438,-0.083888,-0.044128,0.063478,0.20637,0.030759,0.11766,0.32299,-0.36387,0.85095,-0.42134,0.72739,0.53859,-0.2705,-0.48978,-0.016401,0.11408,0.16715,0.88892,-0.37765,0.77657,0.56043,-0.25942,-0.47067,-0.050173,0.18437,0.21984,0.74609,-0.15222,-0.3948,0.30821,0.34172,0.23201,-0.10211,-0.077475,-0.40494,0.47737,-0.17376,-0.34782,0.064162,0.266,0.24284,0.63197,-0.26498,-0.43168,-0.20546,0.47494,0.61517,0.43277,0.4081,0.36228,-0.16949,-0.12222,-0.17557,0.58754,-0.27228,-0.22423,-0.3681,-0.10366,-0.14516,0.097916,0.59337,0.057249,0.10815
hsa2242,0.074839,0.041647,0.055658,0.13441,0.25855,0.16951,0.26797,-0.038992,-0.042085,-0.077033,0.098768,0.091934,-0.21128,0.19553,0.47462,0.27962,0.025887,-0.11123,0.14692,0.4062,0.32126,-0.16653,0.6961,0.49921,0.066569,0.40103,-0.20505,-0.19082,0.81702,-0.0051091,-0.21392,0.15881,0.31601,0.2223,-0.033779,-0.062599,-0.2209,0.71311,-0.29349,0.52904,0.56651,0.37174,0.56164,-0.39805,-0.34039,0.51446,-0.22393,-0.23922,0.28726,0.54356,0.32233,-0.096397,-0.063169,-0.41559,-0.33091,0.54756,0.7333,0.26998,0.36025,-0.3244,-0.33593,0.50982,-0.19052,-0.18043,0.32683,0.5026,0.2946,-0.028847,-0.092979,-0.3257,-0.25303,-0.35953,0.018134,-0.17285,0.18159,0.17903,-0.24632,0.13003,0.025952,-0.17794,-0.10616,0.057993,0.10223,0.062373,0.32057,0.76798,0.12832,0.47832,-0.25987,-0.25931,0.7452,-0.0081179,-0.20616,0.20853,0.44649,0.26822,-0.0038073,-0.06607,-0.24794,0.17658,0.35676,-0.32533,-0.33356,0.60959,-0.12008,-0.22432,0.2837,0.47544,0.29138,-0.059332,-0.13562,-0.33957,0.13641,-0.32205,-0.26055,0.13196,-0.19214,-0.15861,0.21163,0.4176,0.25412,-0.014169,-0.03072,-0.22115,-0.30349,-0.25249,0.40138,-0.082958,0.12641,0.042276,0.29187,0.18229,0.12729,0.37276,-0.32713,0.75842,-0.29272,0.62213,0.32158,-0.24463,-0.36983,-0.0084477,0.02697,0.038443,0.8176,-0.29712,0.76773,0.32507,-0.26765,-0.35979,0.010797,0.062265,0.00032735,0.63138,-0.10028,-0.23988,0.20896,0.36272,0.21887,-0.029891,-0.1122,-0.28883,0.34497,-0.17408,-0.15255,0.20872,0.083844,0.088379,0.60297,-0.13731,-0.27079,-0.051732,0.44537,0.65511,0.23478,0.42259,0.28546,-0.011563,-0.0068032,-0.17243,0.59391,-0.14645,-0.15335,-0.25122,-0.016578,0.0074122,0.13018,0.44201,0.011609,0.063546
hsa2948,0.10949,-0.025988,0.0323,0.22212,0.32207,0.2403,-0.20556,-0.08212,0.27691,0.14023,0.085917,0.18151,0.10466,0.0098673,0.16733,0.18981,0.1866,0.14912,0.29596,0.48305,0.19092,-0.34665,0.51662,0.46471,0.049656,0.14502,-0.35397,-0.24169,0.77384,-0.24794,-0.18991,0.15227,0.30152,0.1227,-0.0094663,-0.17085,-0.47572,0.59573,-0.27883,0.5343,0.5673,0.39744,0.28616,-0.46509,-0.26001,0.61388,-0.36319,-0.096498,0.40118,0.50378,0.38957,-0.049551,-0.13243,-0.41882,-0.3748,0.472,0.77674,0.40566,0.2339,-0.33484,-0.38844,0.5062,-0.30852,0.04219,0.23329,0.32287,0.3645,0.061057,0.062736,-0.25867,-0.38524,-0.49833,-0.13063,0.051533,0.40313,0.48666,-0.57021,0.34443,0.33366,-0.060616,-0.12401,-0.016746,0.19517,0.21977,0.45997,0.69607,0.093813,0.1284,-0.14546,-0.17528,0.69895,0.0048091,-0.064267,0.25201,0.28347,0.22085,0.011086,0.027019,-0.22129,0.14781,0.18066,-0.21956,-0.33902,0.70526,-0.25281,-0.056682,0.075975,0.30522,0.40304,0.014323,0.043558,-0.23387,0.21153,-0.4683,-0.18409,0.24347,-0.1517,0.18147,0.43647,0.45045,0.32806,0.10266,0.043329,-0.28245,-0.079373,0.20306,0.051356,0.064489,0.31558,-0.070249,0.10288,0.0063672,0.41609,0.44917,-0.079393,0.60506,-0.5038,0.67733,0.35215,-0.24084,-0.48714,-0.034831,0.29214,0.39523,0.83425,-0.39516,0.69467,0.65397,-0.010263,-0.23822,-0.062342,0.40441,0.54673,0.51683,-0.40308,-0.19988,0.29737,0.38421,0.26072,-0.17036,-0.24287,-0.51079,0.45728,0.055255,-0.26813,-0.031144,0.38891,0.52725,0.50276,0.12585,-0.021487,0.10814,0.66737,0.71619,0.37505,0.27347,0.38823,0.07409,0.12084,-0.093145,0.32309,0.017979,-0.11681,-0.40688,0.085421,0.13961,0.21528,0.72677,0.23027,0.37336
hsa100913187,0.20777,-0.0327,0.016819,0.018906,0.3225,0.2937,0.61624,-0.01312,0.055788,-0.085084,0.26088,0.032139,-0.46385,0.52969,0.6631,0.48811,-0.21108,-0.52396,0.24557,0.38826,0.30552,-0.071631,0.74562,0.56788,0.29218,0.39324,-0.11234,-0.056043,0.77515,0.11076,-0.41347,0.033499,0.17845,0.12514,-0.38551,-0.31393,-0.12613,0.56102,0.039483,0.52845,0.5283,0.37509,0.60785,-0.5619,-0.52981,0.43634,-0.34804,-0.28764,0.24676,0.18548,0.23115,-0.20297,0.031023,-0.52595,0.10275,0.54002,0.76161,0.39326,0.4369,-0.488,-0.38484,0.58255,-0.19591,-0.13497,0.44185,0.069449,-0.077534,-0.027348,0.13623,-0.4961,0.11078,0.030873,0.093672,-0.015534,-0.15836,-0.22518,-0.080655,-0.25201,-0.14377,0.14509,-0.11083,-0.057632,0.026315,-0.20833,-0.12707,0.78074,0.53277,0.5214,-0.39156,-0.42101,0.7737,-0.14432,-0.46926,0.35915,0.28842,0.21326,-0.19311,-0.26527,-0.33315,0.43949,0.38348,-0.41981,-0.36403,0.78479,-0.15501,-0.40855,0.44071,0.1727,0.060781,-0.20618,-0.11401,-0.37717,0.37965,-0.32717,-0.41256,0.42036,-0.25013,-0.46513,0.64977,0.63934,0.41173,-0.019102,-0.36498,-0.18037,-0.24027,-0.30203,0.45308,-0.043943,-0.028266,0.15108,0.228,0.33308,0.047712,0.23937,-0.20248,0.79963,-0.26241,0.68902,0.30702,-0.35633,-0.091298,0.17924,-0.12963,0.051351,0.90101,-0.22026,0.77996,0.4169,-0.3496,-0.26022,-0.06947,-0.11262,0.10851,0.69753,-0.074294,-0.46251,0.25354,0.29327,0.15682,-0.31696,-0.24618,-0.2844,0.33815,-0.23772,-0.18107,0.052397,-0.016396,0.11093,0.60581,-0.34024,-0.33046,-0.29279,0.45502,0.81797,0.14355,0.46009,0.30532,0.0021281,-0.21647,-0.21684,0.62871,-0.020461,-0.30063,-0.023496,-0.11884,-0.23278,0.3273,0.42657,-0.16175,-0.11028
hsa2947,0.11596,-0.0995,-0.02312,0.31887,0.31676,0.22995,-0.12533,-0.16858,0.23197,0.17961,0.073967,0.17491,0.13136,0.070585,0.17899,0.22526,0.20433,0.086266,0.25914,0.47654,0.30419,-0.381,0.5208,0.49233,0.095371,0.14018,-0.42139,-0.22099,0.76657,-0.23827,-0.17884,0.18554,0.27734,0.14452,-0.032188,-0.21852,-0.53072,0.64308,-0.39031,0.54828,0.51779,0.60003,0.34845,-0.52375,-0.3367,0.64008,-0.33517,-0.13285,0.43941,0.52101,0.44606,0.023603,-0.16912,-0.50293,-0.4218,0.5083,0.79395,0.37966,0.28674,-0.33285,-0.33989,0.57851,-0.32994,-0.0016307,0.24125,0.23706,0.44447,0.028506,-0.003848,-0.24895,-0.33424,-0.47002,-0.14322,-0.067559,0.43183,0.41927,-0.61222,0.37165,0.28511,0.054216,-0.09138,0.023101,0.203,0.28691,0.49139,0.72475,0.16848,0.13856,-0.10718,-0.20494,0.66543,0.062837,-0.060592,0.30596,0.2502,0.35593,0.063905,0.0159,-0.20085,0.088429,0.16448,-0.17814,-0.27507,0.68664,-0.20443,-0.057817,0.040438,0.18123,0.3547,0.0042567,-0.012215,-0.21993,0.21456,-0.49853,-0.31345,0.32208,-0.26126,-0.011922,0.49674,0.51838,0.44153,0.088789,-0.11916,-0.37942,-0.041697,0.10053,0.10649,-0.0080894,0.30078,0.0062138,0.14838,0.11475,0.3097,0.42652,-0.080855,0.62126,-0.56056,0.71938,0.44835,-0.17192,-0.39218,-0.11744,0.24366,0.55506,0.85294,-0.36939,0.6354,0.67737,-0.033411,-0.17598,-0.15258,0.33917,0.54173,0.52664,-0.38485,-0.23813,0.27403,0.31207,0.30536,-0.18189,-0.30883,-0.5677,0.40278,0.12435,-0.23727,-0.1355,0.34574,0.58878,0.48318,0.10794,-0.007426,0.077973,0.63095,0.703,0.44194,0.23851,0.38021,0.18292,0.11534,-0.095238,0.36619,0.16112,-0.13801,-0.4182,0.13157,0.087297,0.062917,0.64145,0.17773,0.49131
hsa56267,0.30571,-0.19061,0.15178,-0.090155,0.43961,0.40867,-0.0060384,-0.015901,0.20366,0.24888,0.40254,0.22189,-0.18845,-0.13692,0.10858,-0.017088,0.015171,-0.094373,0.16917,0.26046,0.38369,-0.14229,0.76517,0.6514,-0.15662,0.37149,0.040883,0.13136,0.84602,0.228,-0.073704,-0.041496,0.050233,-0.0010928,0.31394,0.091389,0.025458,0.37601,-0.018424,0.3,0.21016,0.29907,0.52753,-0.30572,-0.31343,0.21222,-0.07602,-0.10794,0.24534,0.41165,0.28472,0.095483,0.069448,-0.26981,-0.26797,0.63121,0.77331,0.27746,0.38417,-0.23437,-0.095126,0.53615,-0.048058,-0.012947,0.38616,0.28807,0.092199,0.37353,0.095608,-0.19828,-0.24887,-0.37295,0.1864,0.097949,0.27517,0.098393,-0.28879,0.14812,0.096807,0.024032,0.12556,0.1584,-0.11989,0.044304,0.33767,0.81809,0.026952,0.45803,-0.075198,0.061106,0.78798,0.14401,-0.10109,0.15034,0.26025,0.08898,0.3543,0.14567,-0.093994,-0.020247,0.351,-0.10614,0.027994,0.76878,0.090528,-0.013822,0.10466,0.086997,-0.089413,0.36727,0.10515,-0.13768,0.2258,-0.30132,-0.35238,-0.1799,-0.33479,-0.082697,0.45095,0.46702,0.35819,0.091355,0.23463,-0.25766,-0.043491,-0.074028,0.32391,0.10038,0.10826,0.30978,0.36211,0.23256,0.36319,0.38976,0.049919,0.66206,-0.0052646,0.56801,0.19717,-0.23747,-0.28497,-0.13726,-0.07576,-0.036969,0.83827,0.16336,0.64125,0.33314,-0.25707,-0.31039,-0.1324,-0.01155,-0.12568,0.56458,0.15193,-0.11617,0.026433,0.053715,-0.12029,0.31008,0.021314,-0.0049693,0.36282,-0.31036,-0.1157,0.020952,0.17081,-0.0049682,0.44663,0.038669,-0.087663,0.031838,0.30772,0.54874,0.085563,0.52174,0.46159,0.31336,0.30989,-0.12595,0.69577,0.15636,0.23388,-0.18689,0.13571,0.16491,-0.045769,0.4499,-0.0032473,-0.083848
hsa55783,0.025966,-0.018268,-0.072747,0.086476,0.025111,0.020435,0.21815,-0.12144,-0.016882,-0.14055,-0.010551,-0.057434,-0.21358,0.10129,0.46077,0.25878,-0.081865,-0.078016,0.10011,0.33113,0.15371,-0.11969,0.62475,0.43919,-0.0054943,0.40225,-0.14544,-0.08468,0.78296,-0.072027,-0.042499,0.21823,0.17871,0.19785,0.10566,0.15499,-0.14139,0.63192,-0.079344,0.46029,0.4821,0.277,0.3132,-0.17085,-0.066828,0.48051,-0.087134,-0.012446,0.27901,0.3758,0.31815,0.032301,0.069571,-0.22667,-0.19801,0.46973,0.64275,0.21672,0.23993,-0.19156,-0.13343,0.30046,-0.11925,-0.060504,0.33581,0.27944,0.20456,0.028199,0.025601,-0.25791,-0.11549,-0.077611,-0.18866,0.059735,0.26719,0.21751,-0.12629,0.18231,0.2048,-0.18319,-0.038035,0.18073,0.06228,0.12543,0.31506,0.77214,0.039245,0.47049,-0.019498,0.069936,0.68451,0.075065,0.090437,0.19766,0.11227,0.17269,0.23084,0.29418,-0.084975,0.03158,0.38083,-0.047016,0.016684,0.53314,0.030781,0.014123,0.27957,0.20169,0.19952,0.10478,0.1584,-0.11929,-0.054558,-0.32011,-0.3743,0.10316,-0.31374,-0.25623,0.1388,0.2534,0.10638,-0.071231,-0.16703,-0.20566,-0.089158,-0.067718,0.30669,-0.025838,0.24759,0.16927,0.18571,0.19628,0.34217,0.51737,-0.1284,0.74423,-0.17052,0.70774,0.33125,-0.1786,-0.29759,0.0046263,-0.0044103,0.1058,0.80858,-0.097419,0.81921,0.52814,-0.24825,-0.43617,-0.11689,0.16086,0.22111,0.5405,-0.11227,-0.081092,0.36283,0.15341,0.21745,0.035059,0.049386,-0.13872,0.4809,-0.23278,-0.31947,-0.12803,0.189,0.2674,0.57935,-0.075388,-0.26455,-0.0034041,0.52097,0.69794,0.24523,0.33164,0.28758,0.010208,-0.041726,-0.1746,0.62373,-0.10663,-0.056307,-0.23145,-0.048529,0.033751,0.080323,0.66957,0.017887,0.090183
hsa25902,0.24647,0.10309,0.1961,0.34698,0.26542,0.35072,0.27522,0.060823,-0.0029528,-0.0016916,0.31556,0.010936,-0.029532,0.13643,0.54132,0.26826,0.19701,0.0041222,0.14396,0.53321,0.39985,0.088881,0.77662,0.62162,0.064066,0.55877,-0.1021,0.10724,0.8793,0.0949,0.23462,0.18902,0.26675,0.19211,0.39834,0.29242,-0.11868,0.68318,-0.082222,0.58499,0.55795,0.20479,0.59137,-0.21942,-0.065974,0.59667,-0.041335,0.12837,0.31782,0.44999,0.24791,0.21728,0.31816,-0.21769,-0.11368,0.56531,0.77451,0.13718,0.45782,-0.20392,-0.033225,0.54894,-0.11331,0.17381,0.33114,0.44718,0.26096,0.28247,0.24434,-0.22423,-0.022695,-0.083424,0.01153,0.07332,0.32303,0.222,-0.0025569,0.25718,0.24775,0.045025,0.1605,0.19066,0.19879,0.16525,0.39264,0.80694,-0.013983,0.58039,-0.17068,0.14285,0.80801,0.11779,0.19818,0.26321,0.3567,0.23361,0.36973,0.28087,-0.2327,0.032692,0.48312,-0.16957,0.051761,0.74342,-0.021221,0.18521,0.24972,0.43315,0.23595,0.32781,0.23774,-0.18943,0.10529,-0.25498,-0.25942,0.093379,-0.19301,0.040258,0.25497,0.2712,0.013932,0.18079,0.17746,-0.16434,-0.13069,-0.0309,0.55244,0.036799,0.41589,0.29197,0.32903,0.22059,0.40153,0.59525,-0.17658,0.6608,-0.17311,0.49644,0.19363,-0.095905,-0.23813,0.079807,0.05588,0.015139,0.8342,0.033095,0.77506,0.38874,0.012642,-0.18338,0.036075,0.2519,0.12815,0.40933,0.019269,0.16332,0.27724,0.34626,0.21085,0.35671,0.27338,-0.16719,0.3595,-0.024212,-0.10244,0.13087,0.30407,0.16441,0.30758,0.23715,0.045069,0.054995,0.56589,0.74058,0.04403,0.39446,0.31389,0.28481,0.35069,-0.063673,0.62576,0.17386,0.19915,-0.13133,0.11195,0.10887,0.17128,0.58578,0.019903,-0.016436
hsa399818,0.40584,0.14801,0.21137,0.031813,0.42617,0.3284,0.023959,0.083673,-0.11558,0.13345,0.33964,0.34888,-0.066461,0.36508,0.55991,-0.01923,-0.0038088,-0.17706,-0.058927,0.42223,0.31685,-0.17017,0.71972,0.50307,-0.18241,0.53745,-0.058735,0.12208,0.79251,0.25034,-0.033843,0.22617,0.2514,-0.15995,0.057622,-0.010652,-0.11254,0.66917,-0.15265,0.56632,0.52417,0.068954,0.31642,-0.1393,-0.15715,0.50782,-0.066919,-0.16262,0.27449,0.28547,-0.13224,-0.13692,-0.086107,-0.24557,-0.2402,0.55163,0.71332,0.0014891,0.23699,-0.066542,-0.12735,0.40402,-0.10217,-0.045434,0.49105,0.26433,-0.13337,-0.048527,0.0081767,-0.16247,-0.14789,-0.23056,0.01424,-0.11136,0.29148,0.22982,-0.24987,0.17849,-0.10466,-0.19678,0.069931,0.10195,-0.15812,-0.091739,0.38277,0.7661,-0.26758,0.44224,-0.16016,0.016854,0.76976,0.27314,-0.22853,0.38738,0.30312,-0.11751,-0.17834,-0.078837,-0.14311,-0.20694,0.41582,-0.18454,0.013233,0.56852,0.14137,-0.14375,0.49755,0.29645,0.0019103,-0.062275,-0.084713,-0.17983,-0.14996,-0.18528,-0.3184,-0.18708,-0.27856,-0.010567,-0.021213,0.24318,0.25099,0.12118,-0.011478,-0.18845,-0.23457,0.015347,0.30904,0.13169,0.21929,0.17089,0.022621,0.086348,0.323,0.32102,-0.12618,0.66113,-0.17728,0.40993,0.20595,-0.10045,-0.14372,-0.046412,-0.12486,0.055119,0.77736,-0.062796,0.65658,0.28747,0.084002,-0.11075,-0.047741,-0.052557,0.10874,0.59268,0.052968,-0.26443,0.32068,0.23455,-0.2459,-0.19446,-0.13931,-0.19365,0.26286,0.0048812,0.075103,0.084506,0.055182,0.034703,0.42332,-0.082851,-0.2279,0.11484,0.54504,0.70869,0.13667,0.31367,0.0675,0.066806,0.0038175,-0.064971,0.3712,0.0082849,-0.33634,-0.19881,0.26301,0.065974,0.048713,0.57241,-0.093747,0.02605
hsa347088,-0.12999,-0.067309,0.019175,0.23169,-0.10267,-0.00015138,0.35944,-0.20918,0.1854,0.054775,-0.098001,0.20792,0.016048,0.12773,0.35983,0.2982,-0.10272,-0.20181,0.22991,0.56827,0.48469,-0.30423,0.73374,0.62234,0.055676,0.59148,-0.46016,-0.40495,0.87211,-0.27494,-0.32379,0.3574,0.36076,0.20561,0.18642,0.1098,-0.40026,0.69032,-0.39069,0.61727,0.64776,0.35811,0.6025,-0.58204,-0.57675,0.6227,-0.3852,-0.39387,0.41229,0.56399,0.29827,0.026576,0.12169,-0.53281,-0.34479,0.65035,0.7711,0.32639,0.47671,-0.54553,-0.48586,0.56965,-0.37787,-0.3448,0.48272,0.48253,0.18754,0.14186,0.014833,-0.47535,-0.40425,-0.40683,-0.060342,-0.35226,0.24886,0.36783,-0.38605,0.37443,0.28051,-0.17963,-0.054629,-0.13793,-0.092229,-0.053384,0.21953,0.78919,0.13074,0.61392,-0.53501,-0.49148,0.78713,-0.35061,-0.41456,0.41091,0.40483,0.13431,0.14211,0.075479,-0.45213,0.19183,0.51264,-0.55639,-0.47847,0.69914,-0.39871,-0.39083,0.46174,0.43391,0.17368,0.080433,0.031608,-0.48106,0.15087,-0.29576,-0.41451,0.12627,-0.2448,-0.22153,0.25336,0.50463,0.19405,0.053221,-0.063452,-0.247,-0.4567,-0.41992,0.62519,-0.22747,-0.22905,0.34197,0.31847,0.13644,0.2382,0.34361,-0.41856,0.77561,-0.49152,0.6457,0.47264,-0.33233,-0.43377,-0.022135,-0.13098,0.02371,0.86368,-0.46447,0.69166,0.55767,-0.31908,-0.49325,-0.18468,-0.050482,0.03442,0.66676,-0.3068,-0.41156,0.44215,0.41212,0.26474,0.12418,0.11008,-0.4055,0.46219,-0.21398,-0.26107,-0.021039,-0.090418,0.11979,0.57329,-0.28751,-0.43897,-0.21663,0.23817,0.46494,0.34513,0.43298,0.24113,0.014421,-0.045726,-0.23144,0.52514,-0.0041629,-0.10011,-0.31427,-0.071171,-0.093576,0.059684,0.42778,-0.18924,-0.089201
hsa1609,0.16338,0.18399,0.1869,0.15553,0.24734,0.22761,0.29833,0.0092149,0.038502,-0.039287,0.23159,0.10538,-0.13818,0.30374,0.58401,0.48542,-0.17089,-0.1457,0.11613,0.4224,0.32064,-0.01289,0.7328,0.52865,-0.072417,0.52554,-0.21169,-0.14531,0.80801,-0.021798,-0.073755,0.29368,0.35716,0.33271,0.076596,0.16542,-0.24827,0.59559,0.018126,0.53207,0.49702,0.17326,0.43892,-0.4052,-0.43419,0.49909,-0.21653,-0.18584,0.3393,0.46334,0.36962,-0.07445,0.025736,-0.41127,0.018907,0.54228,0.76257,0.085684,0.18706,-0.33574,-0.30563,0.43144,-0.23244,-0.24826,0.40821,0.41313,0.21107,-0.13966,-0.19522,-0.32534,-0.016652,-0.025449,0.018557,-0.070388,0.028709,-0.014166,0.00072995,0.07863,0.0049693,0.099854,0.015753,0.091967,0.041783,0.059142,0.061475,0.71885,-0.035835,0.51635,-0.24674,-0.17424,0.77874,-0.06678,-0.20892,0.37078,0.43155,0.3412,0.046806,0.061305,-0.26545,-0.047172,0.34694,-0.29056,-0.29033,0.60717,-0.19879,-0.29391,0.40732,0.41448,0.28287,-0.045817,-0.092309,-0.24078,-0.16292,-0.26099,-0.25557,-0.11117,-0.15905,-0.10458,0.15918,0.33608,0.12812,0.041494,-0.1037,-0.28545,-0.13671,-0.07949,0.46586,-0.035804,0.065669,0.12179,0.15617,0.21092,0.14243,0.39955,-0.16673,0.78266,-0.28761,0.65046,0.34782,-0.18755,-0.26143,0.047223,0.081334,0.13358,0.86297,-0.22073,0.75394,0.48677,-0.23598,-0.26496,-0.11035,0.11672,0.20406,0.64676,-0.099042,-0.14077,0.39002,0.39518,0.35122,0.00029664,0.088526,-0.27271,0.45877,-0.12322,-0.11932,0.036266,0.095745,0.2709,0.54857,-0.18981,-0.17896,-0.14875,0.44698,0.61817,0.21473,0.38642,0.33528,-0.01128,-0.04545,-0.22881,0.60695,-0.088208,-0.076448,-0.23666,-0.088315,0.03236,0.098557,0.50545,-0.048847,0.043169
hsa4595,0.061805,0.24403,0.13424,0.33297,0.16663,0.22931,0.33692,-0.20544,0.062258,0.021352,0.2018,0.082963,-0.17344,0.26798,0.66056,0.42263,-0.069494,-0.22913,0.16014,0.38226,0.28051,-0.28422,0.67791,0.55437,-0.011643,0.33505,-0.36686,-0.38301,0.82167,-0.24845,-0.37798,0.20301,0.23474,0.077347,-0.10009,-0.11371,-0.37404,0.58706,-0.028627,0.57334,0.55077,0.2713,0.34968,-0.39548,-0.4217,0.49091,-0.32839,-0.35006,0.30801,0.5196,0.28485,0.020141,-0.11224,-0.41996,-0.15069,0.58337,0.76608,0.23133,0.22869,-0.20393,-0.21118,0.41794,-0.31485,-0.2089,0.50462,0.29736,0.23799,0.14418,-0.09639,-0.2246,-0.246,-0.20628,0.088084,-0.17791,0.12702,0.289,-0.21386,0.15725,-0.070629,-0.0032691,0.2009,0.13749,-0.068917,-0.12706,0.18632,0.76899,0.053026,0.34966,-0.24932,-0.31397,0.70888,-0.21031,-0.35758,0.31601,0.3786,0.17825,-0.074886,-0.21773,-0.26463,0.11527,0.3044,-0.23133,-0.24777,0.66968,-0.26215,-0.32227,0.48353,0.41882,0.24187,-0.013501,-0.20209,-0.27553,0.039665,-0.20679,-0.16166,0.10658,-0.074767,-0.020552,0.32078,0.30399,0.16628,0.14984,0.022625,-0.16735,-0.2031,-0.21037,0.21916,-0.16888,0.045985,0.054891,-0.060016,-0.10175,0.18981,0.42083,-0.35375,0.70197,-0.42715,0.71869,0.41356,-0.13672,-0.29353,0.021468,0.10849,0.19899,0.84292,-0.4355,0.66767,0.42002,-0.15018,-0.27709,-0.08632,0.1844,0.17596,0.57614,-0.33771,-0.45518,0.3876,0.38959,0.22342,-0.10922,-0.2528,-0.40142,0.404,-0.16588,-0.24746,-0.035943,0.17696,0.19894,0.61757,-0.25705,-0.44111,-0.24319,0.5718,0.66921,0.26088,0.35691,0.33231,0.066875,-0.088489,-0.095832,0.56146,-0.17103,-0.38284,-0.19366,-0.1118,-0.20126,0.12562,0.59107,-0.040206,0.072741
hsa89122,0.12372,0.35997,0.30911,0.0094652,0.24089,0.25259,0.31253,0.11158,0.29623,0.036123,0.1962,0.37821,0.078164,0.36864,0.4758,0.44505,0.079417,0.14423,0.25142,0.39966,0.3072,-0.093194,0.55448,0.46978,0.34619,0.32117,-0.13716,0.041232,0.79235,0.098275,-0.11917,0.42036,0.31152,0.19952,0.061603,-0.019013,-0.011714,0.5927,-0.068879,0.52995,0.55389,0.32957,0.40501,-0.15442,-0.13617,0.52027,0.26118,-0.020623,0.34774,0.54313,0.28458,0.22202,0.16887,-0.19485,-0.13684,0.47992,0.65769,0.38516,0.23333,-0.12973,-0.18737,0.44442,0.25766,-0.14905,0.30033,0.34726,0.18542,0.13679,-0.0033296,-0.1039,0.045508,-0.20699,0.1616,0.011987,-0.0001765,-0.0055957,-0.14199,0.1718,0.077487,-0.030243,0.036722,0.00039975,0.25236,0.27021,0.0017098,0.61677,0.33293,0.46942,-0.24095,-0.15312,0.65903,0.2234,-0.18694,0.39182,0.50364,0.35875,0.14732,-0.00023277,-0.22526,0.32292,0.38617,-0.29565,-0.22829,0.64595,0.16897,-0.15793,0.3992,0.41928,0.21486,0.127,-0.054255,-0.28133,0.076125,-0.092866,-0.098476,0.41072,0.14715,-0.18549,0.35846,0.30092,0.037878,0.1936,0.10523,-0.06392,-0.17682,-0.11644,0.37861,0.17454,0.16104,0.26499,0.29395,0.27407,0.14513,0.20137,-0.2016,0.60385,-0.20987,0.39486,0.21526,0.029276,-0.087531,0.11866,-0.023876,0.13581,0.75933,-0.12092,0.26232,0.29187,0.12881,-0.1134,-0.012983,-0.027041,0.025085,0.55828,0.14194,-0.15258,0.53863,0.42695,0.32096,0.15756,-0.021687,-0.17085,0.19142,0.23123,0.13581,0.2629,0.35901,0.31489,0.27138,-0.0322,-0.0073325,-0.029798,0.38524,0.55029,0.18693,0.45639,0.45434,-0.0027342,0.034655,0.092959,0.61581,0.09687,0.010512,-0.097832,-0.0048323,-0.069782,0.17989,0.46846,-0.013886,0.056488
hsa81490,-0.22435,-0.13019,-0.12498,0.34945,-0.17747,-0.1412,0.56068,-0.31868,0.083452,0.034949,-0.18332,-0.0060001,-0.072029,0.031241,0.44039,0.27721,-0.30113,-0.25207,0.20339,0.63235,0.50822,-0.46235,0.85218,0.75797,-0.18674,0.69457,-0.66547,-0.62112,0.94713,-0.54574,-0.57061,0.42381,0.45338,0.090733,-0.18138,-0.19343,-0.65405,0.86204,-0.46099,0.71853,0.77913,0.096355,0.66834,-0.68654,-0.73126,0.70161,-0.7059,-0.66636,0.55295,0.70958,0.27002,-0.28502,-0.29772,-0.69202,-0.45674,0.6614,0.83535,0.019997,0.60736,-0.61791,-0.65514,0.58697,-0.64834,-0.54737,0.53941,0.6265,0.27494,-0.23879,-0.21177,-0.62879,-0.48708,-0.50154,0.14256,-0.50189,0.55751,0.5319,-0.52253,0.47343,0.26618,-0.36661,-0.18309,-0.014444,-0.10577,-0.098232,0.60375,0.90818,-0.2031,0.70746,-0.70052,-0.67161,0.90763,-0.58006,-0.58428,0.43058,0.57044,0.12246,-0.18156,-0.22631,-0.69654,-0.16057,0.70681,-0.68804,-0.69227,0.8303,-0.63404,-0.57191,0.50415,0.61352,0.16316,-0.23724,-0.17755,-0.69856,-0.19744,-0.062896,-0.049912,-0.16566,-0.13494,-0.20562,0.12613,0.29015,0.015948,-0.19838,-0.30051,-0.015438,-0.68083,-0.61195,0.6974,-0.57667,-0.35549,0.46114,0.39549,0.0078098,-0.037855,0.18678,-0.70764,0.88711,-0.72113,0.86316,0.5714,-0.601,-0.56899,0.01938,0.087742,0.063656,0.95824,-0.71095,0.95821,0.6849,-0.57489,-0.60827,-0.051329,0.089863,0.16156,0.83666,-0.62013,-0.6271,0.47156,0.53885,0.13811,-0.20526,-0.22822,-0.70997,0.63153,-0.58709,-0.5977,-0.0070835,0.06343,0.11758,0.81903,-0.54754,-0.62128,-0.26898,0.52391,0.72149,0.50498,0.53285,0.23678,-0.34962,-0.21414,-0.60407,0.53982,-0.43945,-0.40612,-0.50124,-0.4028,-0.34185,0.057231,0.6811,0.057165,0.0068869
hsa2949,0.14048,0.008612,0.097578,0.37232,0.32568,0.29251,-0.1723,0.0027561,0.24137,0.17275,0.092833,0.21177,0.1041,0.10489,0.31028,0.22906,0.26467,0.20647,0.19174,0.47207,0.2472,-0.34588,0.5186,0.45559,0.01611,0.17759,-0.45011,-0.22812,0.724,-0.22778,-0.21835,0.16106,0.3199,0.037607,-0.043386,-0.22382,-0.55121,0.6403,-0.36185,0.54181,0.57668,0.44448,0.34887,-0.57658,-0.24695,0.6631,-0.37354,-0.087388,0.45735,0.49817,0.37813,0.062906,-0.17861,-0.53295,-0.28643,0.42949,0.78858,0.46146,0.34373,-0.37859,-0.29095,0.55849,-0.29904,0.054669,0.26338,0.31534,0.45642,0.20587,0.08414,-0.2557,-0.26575,-0.34234,-0.15075,-0.039275,0.49639,0.44973,-0.50145,0.42233,0.36695,-0.016564,-0.13401,0.044911,0.20961,0.28639,0.45975,0.68186,0.062831,0.16593,-0.24857,-0.14446,0.72226,0.032428,-0.12002,0.31977,0.30567,0.29097,0.064422,-0.022342,-0.28071,0.14262,0.22329,-0.28159,-0.32526,0.70485,-0.25088,-0.061411,0.12746,0.35153,0.45373,0.11938,0.023692,-0.21565,0.22514,-0.46167,-0.25652,0.26852,-0.29533,0.082119,0.33357,0.40962,0.26614,0.17469,-0.042437,-0.36609,-0.10709,0.11091,0.10465,0.022077,0.365,0.129,0.28132,0.17076,0.39593,0.48753,-0.18172,0.55779,-0.59669,0.74024,0.45255,-0.15663,-0.38885,0.024307,0.24163,0.5233,0.88593,-0.31112,0.6983,0.65458,0.13621,-0.13552,-0.061392,0.30719,0.48889,0.39891,-0.37303,-0.22916,0.3101,0.36089,0.22596,-0.11422,-0.31112,-0.5663,0.48336,0.14677,-0.22773,0.005148,0.28715,0.58304,0.57612,0.11243,0.016957,0.17252,0.68324,0.7318,0.39785,0.19128,0.34367,0.13396,0.11777,-0.13314,0.25378,0.1652,-0.053581,-0.48966,0.27348,0.2353,0.17727,0.69524,0.17044,0.45126
hsa23135,-0.11947,-0.044149,0.0023808,0.23104,-0.1536,-0.10357,0.28312,-0.15121,-0.040453,-0.14015,-0.07732,-0.10819,-0.20824,0.087317,0.39917,0.33175,-0.14312,-0.19,0.14961,0.36479,0.1685,-0.031126,0.57155,0.40564,0.0090143,0.36644,-0.22815,-0.19617,0.70244,-0.0093265,-0.079646,-0.045028,0.18246,-0.079217,0.023295,-0.0096676,-0.27038,0.52669,0.043104,0.28909,0.34264,0.33915,0.32166,-0.33996,-0.30175,0.37844,-0.26177,-0.28413,-0.041211,0.52101,0.23106,-0.089086,-0.18271,-0.37795,-0.021761,0.28436,0.56354,0.13693,0.24724,-0.38559,-0.31908,0.31906,-0.26599,-0.30187,0.033364,0.35661,0.092288,-0.11958,-0.1997,-0.35499,-0.11803,-0.16073,0.08943,-0.061303,0.18499,0.20091,-0.13452,0.17637,0.12048,-0.1102,0.11135,0.16691,0.19341,0.040868,0.21356,0.60877,-0.12448,0.32716,-0.27093,-0.16326,0.57329,0.035221,-0.13854,0.014268,0.17724,-0.074921,-0.062145,-0.029841,-0.27134,-0.088013,0.34683,-0.38728,-0.30251,0.51366,-0.16158,-0.24953,0.032737,0.24403,-0.023868,-0.06146,-0.11832,-0.36844,-0.026128,-0.24098,-0.22903,-0.0040405,-0.2764,-0.14639,-0.035503,0.31839,0.11139,-0.041028,-0.14684,-0.24564,-0.23775,-0.18769,0.33765,-0.10245,0.033797,-0.1089,0.12838,-0.12632,0.2057,0.23759,-0.27611,0.75864,-0.35707,0.66826,0.37559,-0.20419,-0.38262,-0.010921,0.13369,0.18399,0.78143,-0.32109,0.72377,0.48662,-0.26885,-0.45849,-0.13427,0.21389,0.25955,0.64845,-0.11922,-0.26554,0.070189,0.27427,0.0078933,-0.10867,-0.11372,-0.335,0.37022,-0.23102,-0.31777,-0.039727,0.16798,0.25463,0.58217,-0.22405,-0.40129,-0.24763,0.55006,0.59431,0.26199,0.11071,0.078104,-0.18856,-0.21422,-0.21605,0.46464,-0.21723,-0.27934,-0.32278,-0.2021,-0.21691,0.096754,0.53073,0.059902,0.11498
hsa84909,0.21759,0.23654,0.11631,0.22843,0.2302,0.16706,0.41457,0.0075436,0.08531,-0.020355,0.22065,0.057643,-0.18372,0.17642,0.56906,0.2835,-0.085624,-0.10958,0.24749,0.46221,0.42201,-0.10884,0.67046,0.54861,0.2704,0.42937,-0.11831,-0.079723,0.76755,-0.07924,-0.15515,0.30625,0.41887,0.36946,0.012879,0.00056613,-0.0038992,0.69308,-0.16372,0.52852,0.60819,0.4796,0.39133,-0.29995,-0.25669,0.55181,-0.19633,-0.24691,0.23066,0.57882,0.36172,0.015652,-0.070983,-0.26479,-0.18595,0.64112,0.81198,0.36242,0.33483,-0.25928,-0.19599,0.57909,-0.18622,-0.22168,0.25893,0.43517,0.3037,0.049301,-0.091202,-0.19474,-0.1436,-0.23165,-0.01395,-0.12086,0.13991,0.17903,-0.13767,0.20868,0.13688,0.023926,0.028123,-0.049744,-0.033565,0.037894,0.1727,0.78301,0.30206,0.51718,-0.21088,-0.19322,0.72945,-0.089432,-0.2358,0.32939,0.42267,0.41421,0.031255,0.0022607,-0.087972,0.31959,0.42205,-0.29402,-0.24961,0.7182,-0.20271,-0.24359,0.35264,0.40933,0.39525,0.072364,-0.021576,-0.18049,0.11098,-0.27746,-0.22782,0.3638,-0.16798,-0.23901,0.30417,0.42576,0.15011,0.071771,-0.097555,-0.17495,-0.17673,-0.12708,0.42412,-0.10341,0.062323,0.18306,0.19786,0.13721,0.1337,0.22246,-0.12784,0.74868,-0.23177,0.56904,0.23727,-0.052613,-0.23253,0.062106,-0.017983,0.088247,0.8476,-0.19962,0.65761,0.32985,-0.071573,-0.20055,0.021445,0.084718,0.2087,0.67298,-0.23567,-0.22672,0.39202,0.48673,0.48181,0.066101,-0.014271,-0.10623,0.26588,-0.00019808,-0.18174,-0.0099382,0.029564,0.11727,0.51447,-0.22247,-0.28961,-0.27063,0.37596,0.66066,0.10089,0.28199,0.32293,-0.094451,-0.17065,0.035847,0.50474,-0.15785,-0.13338,-0.11809,-0.055378,-0.034844,0.17132,0.41917,-0.035037,0.023663
hsa165829,-0.13605,-0.095268,0.0010938,0.17748,-0.14905,-0.12337,0.41464,-0.15815,-0.024225,-0.019635,-0.03665,0.052588,-0.028978,0.13157,0.44481,0.36312,-0.11462,-0.25452,0.12733,0.43048,0.30577,-0.44265,0.61134,0.48892,-0.15892,0.45855,-0.51377,-0.53702,0.79534,-0.41397,-0.42713,0.25824,0.12647,-0.11118,0.18238,0.008886,-0.49006,0.71862,-0.41676,0.57478,0.64303,0.096842,0.55074,-0.70516,-0.69129,0.6152,-0.48209,-0.58191,0.20271,0.50577,0.18967,-0.02268,0.019633,-0.69985,-0.3544,0.59098,0.73443,0.14365,0.40657,-0.56661,-0.56507,0.49465,-0.41872,-0.44871,0.33948,0.47632,0.2138,-0.039105,-0.090552,-0.56502,-0.45511,-0.43997,0.079327,-0.21169,0.50627,0.42523,-0.46949,0.33047,0.299,-0.26396,-0.14795,0.072669,-0.042621,-0.02864,0.51741,0.79837,-0.053051,0.52228,-0.56296,-0.5658,0.73413,-0.38345,-0.46517,0.35015,0.27334,-0.028436,0.075523,-0.021547,-0.5931,-0.036218,0.48112,-0.58715,-0.59856,0.66932,-0.41505,-0.46243,0.32213,0.38803,0.049081,-0.037683,-0.040405,-0.62694,-0.017737,-0.17283,-0.13526,-0.087262,-0.02705,-0.093826,0.078627,0.30199,0.14286,-0.13324,-0.11118,-0.13816,-0.4314,-0.41391,0.52668,-0.35174,-0.17572,0.049307,0.10881,-0.064068,0.19334,0.34786,-0.50087,0.83431,-0.64161,0.66081,0.61641,-0.33488,-0.42819,-0.038882,0.10439,0.095518,0.89798,-0.67068,0.70372,0.59623,-0.35147,-0.46912,-0.15959,0.0098378,0.092522,0.74312,-0.4676,-0.48379,0.31512,0.30873,0.0035058,0.14731,0.02753,-0.61112,0.4897,-0.3132,-0.26044,0.05416,-0.038397,0.10153,0.64392,-0.26838,-0.4608,-0.18446,0.29145,0.4693,0.56019,0.26459,0.14017,0.0035612,-0.16317,-0.30984,0.57338,-0.21461,-0.22747,-0.34843,-0.16383,-0.12656,0.042001,0.52007,0.038931,0.0023681
hsa56898,0.032748,0.00071904,0.047026,-0.075154,0.23702,0.25213,0.11765,-0.021011,-0.30571,0.11158,0.14543,0.28547,-0.11371,0.13262,0.2736,0.13041,0.035183,0.094028,-0.15678,0.21223,0.49453,-0.54825,0.81904,0.69118,-0.085994,0.30648,-0.28527,0.060876,0.89527,0.037352,-0.13224,0.20695,0.087753,-0.12803,0.001606,-0.19743,-0.45378,0.38846,-0.36434,0.36494,0.24602,0.28758,0.31876,-0.083081,-0.31534,0.28697,0.082422,0.071805,0.43558,0.38623,0.32441,0.29393,0.064909,-0.088064,-0.46832,0.63653,0.79285,-0.17678,-0.013025,-0.28841,-0.17363,0.54376,0.14926,-0.13316,0.37205,0.31296,0.15895,0.12624,-0.14902,-0.38901,-0.55655,-0.56268,-0.27646,0.02658,0.39056,0.18966,-0.63416,0.040469,0.029059,-0.41306,-0.2486,-0.036197,-0.0061732,0.24735,0.49404,0.85546,-0.11533,0.35816,-0.28916,0.00091192,0.86427,0.25948,-0.11764,0.3053,0.13015,0.098655,0.074407,0.036888,-0.39528,-0.21457,0.17355,-0.35182,0.02649,0.75234,0.21911,-0.12878,0.29021,0.20216,0.093271,0.073024,-0.11663,-0.46374,-0.02652,-0.24949,-0.35004,-0.00013491,-0.20469,0.19447,0.41254,0.3147,0.033821,0.19822,0.098387,-0.10975,0.11074,0.20087,0.26102,0.33167,0.1744,0.035366,-0.20933,-0.052221,0.38508,0.38892,0.034572,0.5332,-0.29904,0.25076,0.44135,-0.24151,-0.27082,0.11819,0.12463,0.24283,0.81221,-0.010167,0.53968,0.38548,-0.16695,-0.24668,-0.021695,0.246,0.23834,0.33855,0.057315,-0.063198,0.35348,0.11832,0.023452,-0.039595,-0.1386,-0.44003,0.39306,-0.0054533,0.0034742,0.28088,0.51452,0.45017,0.12698,0.17805,0.012742,0.21763,0.48608,0.40952,0.30265,0.36127,0.37964,0.34133,0.25903,-0.14221,0.48374,0.058892,-0.042159,-0.21589,0.064448,0.34341,0.21423,0.52161,0.05697,0.29842
hsa10869,0.14152,0.019995,0.11135,0.2954,0.1454,0.16955,0.27457,-0.030683,-0.0085168,-0.068131,0.16428,0.017863,-0.14568,0.33107,0.52113,0.38969,-0.055753,-0.16844,0.1546,0.45378,0.33323,0.013537,0.59639,0.50648,0.16711,0.28859,-0.2149,-0.14928,0.81251,-0.043936,-0.19202,0.26932,0.33977,0.30173,0.055027,-0.034463,-0.15954,0.58594,-0.11255,0.46984,0.51835,0.38052,0.32045,-0.36466,-0.4058,0.48005,-0.31714,-0.28854,0.27926,0.44791,0.26681,0.034172,-0.064989,-0.39414,-0.10084,0.44421,0.70531,0.1861,0.27519,-0.30579,-0.29288,0.37998,-0.18008,-0.24282,0.29719,0.42956,0.24072,0.081708,-0.050443,-0.31555,-0.076605,-0.040482,-0.037663,-0.16338,0.11985,0.065642,-0.013239,0.15084,0.0121,0.014228,0.084292,0.21228,0.11583,-0.061099,0.1559,0.70166,0.10104,0.37838,-0.31313,-0.20699,0.66783,-0.038823,-0.25186,0.19391,0.38395,0.16888,0.027576,0.00093657,-0.27594,0.1315,0.33989,-0.37258,-0.30195,0.60783,-0.1122,-0.30427,0.35988,0.46677,0.2364,-0.0040639,-0.13048,-0.34231,0.16733,-0.28752,-0.30473,0.11836,-0.19573,-0.19089,0.30261,0.34555,0.13169,6.46E-05,-0.07338,-0.23661,-0.25797,-0.19673,0.33231,-0.14395,-0.10333,0.16093,0.17212,0.07563,0.049104,0.21801,-0.23333,0.7327,-0.21241,0.52941,0.39467,-0.11963,-0.32829,0.025207,0.052098,0.098795,0.80846,-0.18777,0.64838,0.46802,-0.1315,-0.37818,-0.11308,0.089549,0.13952,0.6186,-0.08816,-0.23398,0.32246,0.42844,0.35011,0.010193,-0.043572,-0.19601,0.33518,-0.10399,-0.19177,0.0059008,0.027217,0.038616,0.47553,-0.18823,-0.30795,-0.20719,0.33324,0.59679,0.26984,0.37142,0.2634,0.0091526,-0.13865,-0.075192,0.58237,-0.07738,-0.16209,-0.21847,-0.070218,-0.12594,0.13877,0.37072,-0.055965,0.076633
hsa10893,0.15588,0.091432,0.2907,0.15752,0.32845,0.33899,0.3161,0.060898,0.089091,-0.0016937,0.16818,0.13663,-0.30595,0.27436,0.50683,0.47875,-0.21983,-0.23891,0.3278,0.4565,0.40748,-0.075569,0.70296,0.59253,0.24808,0.58829,-0.31256,-0.27297,0.79291,-0.031147,-0.059049,0.30776,0.34515,0.41417,0.15592,0.15952,-0.15502,0.68999,-0.018827,0.52124,0.62901,0.44867,0.37797,-0.34703,-0.47165,0.57918,-0.21008,-0.23191,0.33517,0.57589,0.44038,0.034687,0.098604,-0.2962,0.091123,0.50337,0.77737,0.34226,0.35734,-0.22334,-0.39288,0.53214,-0.10703,-0.32027,0.35375,0.56731,0.45292,-0.024969,-0.040627,-0.10621,-0.16032,-0.0016317,0.11463,-0.001876,0.13247,0.10716,-0.14264,-0.01022,0.10974,0.21053,0.17993,0.14436,0.087416,-0.0049365,0.15637,0.74615,0.27062,0.46329,-0.3435,-0.29535,0.75733,-0.023501,-0.20751,0.34092,0.41135,0.43102,-0.023697,0.02086,-0.16501,0.30944,0.44017,-0.31322,-0.4123,0.68822,-0.098281,-0.34193,0.44318,0.54376,0.4925,-0.042026,-0.041998,-0.14204,0.27888,-0.24758,-0.29518,0.294,-0.25107,-0.17222,0.51402,0.48369,0.37682,-0.034104,-0.098845,-0.18443,-0.36023,-0.27529,0.50081,-0.18724,0.0051344,0.26102,0.27911,0.28295,0.27808,0.26228,-0.24712,0.7435,-0.33951,0.66453,0.28792,-0.20928,-0.21533,0.087701,-0.08161,-0.034619,0.77405,-0.38514,0.7032,0.40576,-0.17008,-0.32522,-0.079355,0.035512,0.018575,0.63087,-0.089689,-0.18123,0.29368,0.40072,0.38902,0.030936,0.069549,-0.21961,0.14013,-0.099221,-0.15068,0.056972,-0.01738,-0.024683,0.66627,-0.30232,-0.36532,-0.18055,0.36556,0.66139,0.091886,0.58729,0.55094,-0.052253,-0.15088,-0.10513,0.67814,-0.052108,-0.11901,-0.06008,-0.16043,-0.10295,0.26472,0.58427,-0.080053,-0.12449
hsa10062,0.013215,-0.15439,-0.19662,0.31264,-0.078783,-0.10271,0.21468,0.019381,0.12458,0.11915,-0.14917,0.29176,0.15841,-0.041102,0.36131,0.24445,0.27492,0.1511,0.38293,0.45097,0.2618,-0.10694,0.68117,0.53606,0.26856,0.40359,-0.1433,-0.31072,0.81915,-0.013489,-0.10528,0.28033,0.37017,0.095542,0.049222,0.077316,-0.19727,0.64359,-0.083869,0.60171,0.5525,0.4898,0.49046,-0.32114,-0.37014,0.46727,-0.10385,-0.36435,0.45723,0.52023,0.30183,-0.13987,0.036668,-0.29995,-0.097335,0.52499,0.7028,0.35064,0.27665,-0.3595,-0.39376,0.31731,-0.2486,-0.35805,0.55256,0.41473,0.26844,-0.2742,-0.095574,-0.30245,-0.092178,-0.14834,0.076534,0.060105,0.12544,0.085768,-0.17946,0.15031,0.17263,-0.045273,0.10312,0.029194,0.17423,0.29346,0.17479,0.68043,0.23724,0.53931,-0.1736,-0.31748,0.61286,-0.031377,-0.19588,0.39852,0.42198,0.1924,-0.048306,0.080837,-0.23823,0.26942,0.3281,-0.26109,-0.31687,0.62247,-0.14596,-0.30878,0.49255,0.41562,0.12905,-0.28022,-0.079044,-0.20068,0.19683,-0.32449,-0.29705,0.17225,-0.09483,-0.20962,0.50748,0.56557,0.22012,-0.14712,0.12519,-0.24277,-0.15029,-0.31684,0.26784,0.077542,0.074043,0.17497,0.32338,0.15761,0.19048,0.32285,-0.13832,0.74749,-0.11597,0.46027,0.45038,-0.262,-0.28431,0.19629,0.19833,0.089969,0.73017,-0.24228,0.47401,0.35038,-0.27159,-0.36188,0.076589,0.12922,-0.012864,0.62381,-0.061549,-0.19391,0.28724,0.25343,0.11557,-0.0954,-0.0084055,-0.1611,0.31731,-0.07467,0.056678,0.20086,0.38397,0.19395,0.43275,-0.33295,-0.27932,-0.10871,0.54414,0.44654,0.36752,0.587,0.26974,-0.15653,0.032465,-0.2594,0.50673,0.022127,0.10136,-0.10727,0.10665,0.15027,0.2254,0.37162,0.14906,0.020178
