hsa190,0.034303,0.23665,0.19353,0.33352,0.20954,0.31446,0.28923,0.12901,0.029051,0.086134,0.11277,0.14823,0.063405,0.41645,0.65698,0.50713,0.17924,0.10566,0.20716,0.39642,0.40822,-0.16915,0.74015,0.51278,0.10145,0.52193,-0.43696,-0.40819,0.81122,-0.10054,-0.073038,0.12231,0.11147,0.010141,0.27326,0.31368,-0.33824,0.67527,0.061135,0.58825,0.66588,0.41779,0.5452,-0.38886,-0.33928,0.55394,-0.0024924,-0.056353,0.41941,0.5433,0.54353,0.29025,0.26568,-0.21994,-0.050338,0.6057,0.76499,0.39438,0.39249,-0.35836,-0.38353,0.5574,-0.22911,-0.17467,0.53227,0.35862,0.31859,0.14924,0.095735,-0.21055,-0.17105,-0.091252,0.042984,0.0053843,0.13874,0.13057,-0.22096,0.049472,0.31085,0.0027812,0.28106,0.23449,0.20301,0.30438,0.10581,0.75363,0.11579,0.61514,-0.41514,-0.36897,0.78009,-0.2083,-0.18393,0.3338,0.37018,0.28249,0.15817,0.17516,-0.2494,0.2013,0.5043,-0.33692,-0.36924,0.69451,-0.16308,-0.21226,0.47875,0.47543,0.37345,0.049034,0.1053,-0.10355,0.11768,-0.23495,-0.18781,0.11919,-0.10242,-0.051006,0.5142,0.42561,0.18291,0.10649,0.10345,-0.22034,-0.28222,-0.24793,0.43354,-0.051061,0.082916,0.14678,0.34013,0.23445,0.33734,0.48909,-0.15523,0.87157,-0.46034,0.61459,0.44337,-0.10249,-0.25865,0.1061,0.0052359,-0.088565,0.81554,-0.47481,0.65433,0.43702,-0.022511,-0.21129,0.071784,0.1078,-0.05131,0.69104,-0.152,-0.15847,0.23108,0.21947,0.24395,0.14095,0.20469,-0.27363,0.56038,-0.035108,-0.11368,0.22592,0.38875,0.22016,0.57401,-0.15306,-0.20946,0.01682,0.54733,0.61218,0.42994,0.59169,0.41477,-0.0028106,-0.038324,-0.0098662,0.65327,0.017852,0.071981,-0.10963,0.1358,0.14501,0.22557,0.61219,0.035762,-0.064207
hsa2099,-0.034435,0.10635,0.052424,0.31368,0.065663,0.097102,0.46921,0.15192,-0.19378,-0.20142,-0.17178,0.012449,-0.12937,0.25525,0.52612,0.47036,0.081001,0.14952,0.18377,0.45545,0.39264,-0.17558,0.59261,0.53031,0.18387,0.26135,-0.11215,-0.18439,0.82779,0.093775,-0.23624,0.13195,0.20405,0.090316,0.16083,0.1894,-0.15867,0.69237,0.00013278,0.52218,0.59272,0.54281,0.37515,-0.25592,-0.34039,0.51677,0.032794,-0.34194,0.5231,0.59136,0.51293,0.11425,0.24268,-0.12968,-0.095474,0.54286,0.80123,0.44414,0.26168,-0.1749,-0.22893,0.47736,0.0075086,-0.30544,0.58352,0.49752,0.4292,0.039576,0.10269,-0.13247,-0.224,-0.19409,0.13188,0.17691,0.12304,0.033698,-0.079775,0.048146,0.27307,-0.021173,0.10887,0.17203,0.13669,0.28923,0.25032,0.72769,0.36905,0.52548,-0.15006,-0.15978,0.55553,0.17538,-0.26656,0.47516,0.50694,0.31872,0.050436,0.15087,-0.1279,0.3243,0.27592,-0.14423,-0.17632,0.55763,0.10875,-0.3237,0.49263,0.47257,0.37841,0.060191,0.058808,-0.063622,0.30637,-0.30309,-0.32474,0.19209,0.044887,-0.2524,0.64106,0.73259,0.54144,-0.073187,0.19528,-0.11775,-0.1217,-0.15703,0.1645,0.042164,0.13946,0.3049,0.39285,0.33783,0.24081,0.43809,-0.018965,0.74233,0.0043434,0.47454,0.45253,-0.21548,-0.29494,-0.040095,0.14611,0.041926,0.68871,-0.13849,0.54738,0.39194,-0.21178,-0.31881,-0.1533,0.10815,-0.032264,0.55859,0.15029,-0.17938,0.20856,0.21676,0.17785,0.038856,0.11013,-0.075727,0.17021,0.16777,0.14938,0.18447,0.12491,0.1791,0.38562,-0.24315,-0.36471,-0.14579,0.35132,0.41721,0.35282,0.77991,0.61572,0.011936,0.19781,-0.11189,0.78481,0.0021896,0.17529,-0.033133,0.17797,0.20784,0.13668,0.36881,0.15462,0.097346
hsa2100,0.081742,0.16319,0.072485,0.25288,0.14846,0.17847,0.39425,0.13883,-0.10388,-0.034562,-0.01128,0.043411,-0.11574,0.22466,0.52658,0.43177,0.30745,0.1163,0.25789,0.48685,0.45757,-0.082164,0.60936,0.54376,0.29891,0.29884,-0.080173,-0.19863,0.81934,0.084951,-0.16382,0.25382,0.34232,0.23218,0.010173,0.19902,-0.04379,0.73298,0.023539,0.5497,0.65604,0.57337,0.41939,-0.20669,-0.38508,0.5416,0.15965,-0.2002,0.525,0.60147,0.59578,0.1698,0.3624,-0.13207,-0.15249,0.5406,0.80792,0.50219,0.30745,-0.18203,-0.2916,0.54441,0.05175,-0.28973,0.65141,0.56116,0.52881,-0.057243,0.24411,-0.12434,-0.13995,-0.10057,0.079598,-0.0083573,0.04211,-0.03397,-0.055884,0.13544,0.26567,-0.15616,0.010502,0.054941,0.32246,0.36231,0.20404,0.67857,0.33121,0.59465,-0.082928,-0.025113,0.60316,0.16742,-0.13953,0.48426,0.51315,0.43937,0.11482,0.26003,0.049798,0.38823,0.43298,-0.060496,-0.17223,0.60622,0.15524,-0.2085,0.53026,0.50822,0.48408,0.035766,0.27115,0.068636,0.22875,-0.23416,-0.23764,0.26989,0.089812,-0.26397,0.60763,0.69377,0.51015,0.0020538,0.19691,-0.0493,-0.097005,-0.070141,0.24769,0.058868,0.031099,0.30525,0.42693,0.40436,0.40903,0.40787,0.046985,0.70925,-0.014399,0.49217,0.4558,-0.12436,-0.24874,-0.013749,0.087551,0.05171,0.6901,-0.15639,0.53662,0.38875,-0.071412,-0.19924,-0.096675,0.096815,0.011519,0.57682,0.11349,-0.13766,0.3018,0.33091,0.34785,-0.01927,0.18829,0.035538,0.30278,0.20116,0.1453,0.24938,0.27955,0.29964,0.46853,-0.24234,-0.34818,-0.17057,0.26116,0.37119,0.38929,0.76279,0.6116,0.098763,0.19094,-0.042593,0.79143,0.22515,0.23422,0.037449,0.35484,0.32229,0.14344,0.45031,0.17001,0.15362
hsa2101,-0.050474,0.049213,-0.067835,0.242,-0.059536,0.026594,0.39483,0.026611,-0.0030391,0.13503,-0.15405,0.19108,0.035503,0.050561,0.35616,0.30241,0.20193,0.094852,0.25786,0.44098,0.40772,-0.22967,0.681,0.56254,0.17503,0.3222,-0.16603,-0.22725,0.79849,-0.011157,-0.16322,0.2462,0.27056,0.16502,0.127,0.10664,-0.14885,0.65204,-0.12925,0.58279,0.64111,0.54516,0.51035,-0.2355,-0.29056,0.5691,0.051357,-0.30176,0.52814,0.56843,0.55068,0.088246,0.24957,-0.1307,-0.33635,0.67419,0.8314,0.52067,0.34881,-0.25435,-0.22706,0.50977,-0.05226,-0.33922,0.631,0.58363,0.4699,-0.099945,-0.049929,-0.14345,-0.34727,-0.38333,0.010306,0.20448,0.1368,0.020981,-0.26216,0.10945,0.34954,-0.23465,-0.11234,-0.044687,0.301,0.43806,0.26825,0.82129,0.29535,0.4868,-0.10794,-0.14104,0.64055,0.11852,-0.2544,0.5677,0.55175,0.389,0.042761,0.12824,-0.080384,0.38017,0.44355,-0.13993,-0.17651,0.59204,0.0091749,-0.32265,0.63398,0.61816,0.47904,-0.068159,-0.0040792,-0.052579,0.18197,-0.32889,-0.10292,0.2278,0.058582,-0.26004,0.62703,0.72341,0.55455,0.090999,0.13806,-0.12804,0.00076286,-0.16053,0.29118,0.10265,0.12917,0.31484,0.39775,0.40535,0.3853,0.53039,0.11644,0.69328,-0.092115,0.56796,0.49568,-0.15184,-0.16801,0.10035,0.22017,0.12543,0.72131,-0.16316,0.60215,0.27106,-0.014286,-0.016692,0.087016,0.11698,-0.03464,0.50768,0.028115,-0.21981,0.3406,0.27442,0.28188,-0.067353,0.019568,-0.069137,0.30902,0.16415,0.20519,0.37359,0.35207,0.25534,0.52125,-0.34245,-0.26231,-0.041184,0.48383,0.37875,0.46528,0.82017,0.60073,0.03849,0.091365,-0.19379,0.73773,0.13791,0.098459,-0.080389,0.30464,0.2884,0.14183,0.56342,0.19403,0.18115
hsa2103,0.10957,0.086866,-0.015663,0.23981,0.018951,0.049189,0.45288,0.066536,-0.12495,-0.047509,-0.066923,0.098619,-0.19395,0.20397,0.58605,0.4827,0.12856,-0.091064,0.1889,0.45784,0.32628,-0.10485,0.6313,0.50957,0.30604,0.21158,-0.18311,-0.26088,0.79168,0.0044757,-0.23928,0.22952,0.33178,0.23431,0.10293,-0.051287,-0.18874,0.62061,0.034981,0.58953,0.55996,0.5044,0.499,-0.22228,-0.25405,0.47761,0.14906,-0.24794,0.51912,0.551,0.53487,0.12872,0.078605,-0.18898,-0.21963,0.59938,0.77658,0.4681,0.37774,-0.23497,-0.17858,0.46145,0.069446,-0.28895,0.60929,0.48812,0.44699,-0.017654,0.022297,-0.19465,-0.25177,-0.2847,0.1284,0.13812,0.051162,-0.033223,-0.22765,0.16372,0.32152,-0.12422,0.017398,0.12305,0.40169,0.2633,0.19501,0.70643,0.29184,0.50676,-0.14323,-0.12716,0.58868,0.010851,-0.28375,0.5407,0.52104,0.39431,0.041099,0.065801,-0.16453,0.32175,0.37494,-0.13594,-0.086745,0.62393,0.044822,-0.3411,0.5569,0.50794,0.40189,-0.1343,-0.11346,-0.070013,0.12657,-0.28676,-0.26038,0.19746,0.049578,-0.32452,0.57372,0.65817,0.54573,0.023876,-0.015045,-0.13868,-0.11519,-0.039657,0.1579,0.10317,0.090156,0.27037,0.35293,0.32672,0.35614,0.40887,0.018884,0.76743,-0.054656,0.416,0.49319,-0.091352,-0.22402,-0.039714,0.082456,0.025728,0.69519,-0.15151,0.54361,0.42963,-0.039044,-0.15546,-0.0045353,0.053828,0.016377,0.61765,0.06091,-0.21008,0.2664,0.22131,0.25463,-0.060435,-0.13623,-0.14569,0.33257,0.13187,0.078563,0.23955,0.37548,0.27128,0.37967,-0.2779,-0.42159,-0.21563,0.3862,0.41272,0.44254,0.731,0.61099,-0.01794,-0.026191,-0.059521,0.74947,0.03083,-0.15191,-0.0063309,0.17434,0.015583,0.098348,0.58768,0.1335,0.029443
hsa2104,-0.010187,0.010565,-0.08293,0.24829,-0.037078,0.095754,0.32206,-0.034171,0.061473,0.073173,-0.080051,0.25472,0.066651,0.099774,0.43348,0.32871,0.16883,0.091767,0.26277,0.43889,0.33246,-0.18533,0.65654,0.5825,0.16601,0.24402,-0.17259,-0.20019,0.832,0.05515,-0.13672,0.19325,0.26288,0.088317,0.01532,0.06227,-0.12242,0.70981,-0.10549,0.59834,0.62026,0.43265,0.51026,-0.16159,-0.13644,0.48503,0.11536,-0.28633,0.53087,0.58616,0.53675,0.037051,0.082208,-0.1205,-0.25328,0.6189,0.76401,0.40492,0.38421,-0.20009,-0.16861,0.4279,-0.01962,-0.28715,0.59509,0.60348,0.51535,-0.14056,-0.053703,-0.17299,-0.32509,-0.33107,0.079787,0.13576,0.013623,0.018532,-0.33512,0.085127,0.28502,-0.067227,-0.08568,0.024217,0.31607,0.37233,0.07943,0.73405,0.27503,0.4682,-0.10987,-0.096046,0.64589,0.084295,-0.23159,0.5581,0.5398,0.35874,-0.0066247,0.087028,-0.09895,0.28154,0.25028,-0.085467,-0.12732,0.66173,0.097716,-0.27842,0.48572,0.57892,0.40969,-0.2039,-0.01596,0.00063792,0.24604,-0.27921,-0.029283,0.10386,0.12204,-0.12309,0.56714,0.60288,0.42981,-0.0072416,0.13598,-0.094909,-0.039737,-0.088994,0.068379,0.019008,0.14453,0.36353,0.34587,0.34185,0.34747,0.43787,-0.081464,0.70324,-0.086831,0.49877,0.40393,-0.049518,-0.085845,0.1626,0.19619,0.024087,0.75031,-0.16781,0.66304,0.292,0.095593,0.017345,0.18208,0.181,0.025945,0.62006,0.077966,-0.15737,0.17023,0.2137,0.18272,-0.11844,-0.08274,-0.040678,0.29164,0.1832,0.25008,0.32963,0.31365,0.21355,0.47849,-0.247,-0.24123,-0.067801,0.50756,0.49014,0.45404,0.75837,0.58696,-0.021039,0.084145,-0.067931,0.73971,-0.0056091,0.030495,-0.037143,0.18377,0.21178,0.12378,0.49645,0.17579,0.033156
hsa2908,-0.058373,0.055153,-0.18648,0.2674,-0.14243,-0.03704,0.35452,-0.093291,0.12336,0.081878,-0.1208,0.14794,-0.080808,0.20807,0.54165,0.45395,-0.030748,-0.051568,0.2976,0.45587,0.34814,-0.17582,0.65664,0.50354,0.12227,0.32779,-0.21012,-0.2468,0.78106,0.047553,-0.1255,0.16367,0.25662,0.11644,0.1084,-0.0059595,-0.18186,0.60405,-0.13637,0.4748,0.48334,0.38769,0.41281,-0.27102,-0.35623,0.4527,0.052792,-0.29717,0.35833,0.50687,0.48158,-0.043652,0.059168,-0.15091,-0.2402,0.54922,0.73991,0.29795,0.3016,-0.30805,-0.28197,0.4665,-0.058263,-0.23061,0.45698,0.35117,0.35781,-0.15634,0.074906,-0.22472,-0.27623,-0.26079,-0.01417,-0.033215,0.13795,0.026812,-0.27773,0.18004,0.17273,-0.065604,0.0038648,0.13157,0.28779,0.26451,0.17866,0.65367,0.18815,0.44727,-0.25563,-0.22288,0.63665,0.091299,-0.12489,0.36525,0.29154,0.17528,-0.023029,0.14525,-0.25013,0.26375,0.28262,-0.23828,-0.23874,0.62059,-0.0045214,-0.24738,0.39637,0.38476,0.26686,-0.14883,-0.02392,-0.17538,0.072873,-0.28434,-0.29779,0.1984,-0.015777,-0.13958,0.3794,0.48243,0.37875,-0.09524,0.17298,-0.18152,-0.048337,-0.11266,0.20626,0.074002,0.16469,0.18469,0.12924,0.11443,0.28016,0.33062,-0.014192,0.75114,-0.24628,0.45722,0.35134,-0.16804,-0.11509,0.10041,0.25558,-0.049026,0.80752,-0.33375,0.54951,0.34219,-0.097329,-0.113,0.015094,0.17718,-0.03573,0.61975,-0.051393,-0.22411,0.24545,0.24822,0.18196,-0.099892,-0.081804,-0.24346,0.30443,0.12347,0.13415,0.25893,0.36362,0.20132,0.38415,-0.17283,-0.33976,-0.22472,0.5507,0.44534,0.22274,0.63797,0.49828,-0.050687,0.21916,-0.11998,0.70881,-0.062512,-0.060146,0.02557,0.034956,0.070482,0.26045,0.41843,0.14058,-0.082027
hsa3174,0.10902,0.12571,-0.079877,0.30054,-0.048559,0.0017091,0.40303,0.173,-0.14977,-0.037214,-0.16518,0.08794,-0.059091,0.18878,0.55021,0.44153,0.12539,0.064217,0.22721,0.30908,0.18268,0.12016,0.69378,0.50802,0.15694,0.47483,-0.23736,-0.20713,0.7582,0.13429,-0.13089,0.18438,0.28176,0.26213,0.28139,0.29181,-0.13673,0.63419,0.165,0.44623,0.50948,0.54502,0.52345,-0.28701,-0.31563,0.37176,0.09236,-0.26835,0.54145,0.54751,0.62566,0.054864,0.21246,-0.076237,0.032004,0.51573,0.75127,0.2874,0.37528,-0.27777,-0.30699,0.34049,0.00095926,-0.15862,0.58507,0.31039,0.36161,-0.025287,0.22356,-0.12173,-0.10422,-0.052141,0.30306,0.27852,0.15756,0.072496,-0.0046566,0.35133,0.37008,0.1934,0.26077,0.30551,0.25176,0.33668,0.31532,0.73777,0.12379,0.46471,-0.32903,-0.31116,0.68481,-0.06121,-0.34668,0.35871,0.28644,0.29464,0.104,0.19867,-0.19074,0.1226,0.48407,-0.21939,-0.19658,0.56792,0.096631,-0.11724,0.4476,0.276,0.28435,0.080153,0.23269,-0.064331,0.23626,-0.32367,-0.29252,0.025345,-0.0007321,-0.27468,0.5565,0.67016,0.5709,-0.057069,0.14131,-0.072513,-0.061648,-0.12782,0.30428,0.26501,0.10248,0.42781,0.41592,0.45799,0.37869,0.55685,0.080997,0.8189,-0.16112,0.56315,0.57686,-0.24365,-0.35483,-0.043704,0.15437,0.030425,0.66533,-0.19674,0.59376,0.49186,-0.26122,-0.36005,-0.061508,0.10079,-0.029885,0.602,0.01225,-0.11024,0.1177,0.069793,0.25611,0.049724,0.089742,-0.063744,0.46585,0.037764,0.0045183,0.23305,0.34313,0.30292,0.44102,-0.19386,-0.32047,-0.16141,0.38554,0.41984,0.45644,0.65117,0.51002,0.059164,0.33563,-0.11068,0.61971,0.080988,0.1356,-0.1044,0.11601,0.22797,0.20194,0.48986,-0.028416,-0.0091979
hsa367,-0.024312,0.00048182,-0.11838,0.20881,-0.048103,0.028266,0.38516,-0.096628,-0.15197,-0.24272,-0.028833,-0.04424,-0.17483,0.096459,0.49024,0.30553,-0.041218,-0.079982,0.092286,0.37478,0.3934,-0.22732,0.60276,0.59902,0.047434,0.26117,-0.16028,-0.20545,0.7967,0.062778,-0.13935,0.1459,0.22834,0.16547,0.12314,0.038698,-0.097969,0.57683,-0.079823,0.35961,0.46161,0.29532,0.41404,-0.25369,-0.30011,0.42341,-0.12468,-0.13016,0.27583,0.49662,0.39742,0.10383,0.25316,-0.18193,-0.24693,0.42672,0.74634,0.092547,0.24444,-0.10309,-0.15377,0.47366,-0.030322,-0.14958,0.33347,0.28008,0.27096,-0.04389,0.084408,-0.076546,-0.17695,-0.25256,0.072285,0.015885,0.06818,0.018758,-0.22779,0.061423,0.16163,-0.055002,0.038549,0.0879,0.1546,0.078355,0.12286,0.67095,0.13686,0.46725,-0.13674,-0.039601,0.59569,0.1205,-0.16273,0.3098,0.26483,0.2423,0.045182,0.064218,-0.033852,0.13516,0.28462,-0.09781,-0.16362,0.67116,0.022123,-0.21867,0.31455,0.29369,0.24751,-0.047206,0.0079118,0.035753,0.19436,-0.29369,-0.27958,0.033213,-0.061668,-0.19389,0.37343,0.42234,0.1985,-0.056892,0.068042,-0.13951,-0.17306,-0.034964,0.20245,0.037469,0.12313,0.23036,0.21897,0.16149,0.28884,0.43421,-0.12496,0.74863,-0.14874,0.54174,0.38768,-0.15795,-0.15457,0.077319,0.12708,-0.022911,0.76064,-0.23987,0.62997,0.46197,-0.1515,-0.23114,-0.013681,0.18055,0.16975,0.60514,-0.042586,-0.1667,0.1858,0.19632,0.21227,-0.046007,-0.021373,-0.11937,0.38276,0.025738,0.081833,0.12845,0.31345,0.1682,0.49679,-0.24837,-0.20242,-0.13536,0.44565,0.48114,0.22977,0.48105,0.38918,-0.031925,0.060359,-0.14235,0.65531,0.086677,0.050055,0.006699,0.12782,0.089131,0.21063,0.45355,0.14556,-0.0072291
hsa4306,-0.061348,0.092162,-0.003588,0.28101,-0.081614,-0.022159,0.41329,-0.075503,-0.025488,-0.028408,-0.12185,0.046047,-0.052843,0.1668,0.50875,0.44982,0.067382,0.0065314,0.12134,0.39612,0.29112,-0.19885,0.6999,0.55899,0.105,0.31556,-0.22228,-0.2296,0.78519,0.11033,-0.12842,0.085041,0.17021,0.12074,0.064814,0.073978,-0.22089,0.57678,-0.10777,0.49756,0.42864,0.46697,0.40636,-0.3038,-0.36018,0.413,-0.028918,-0.18645,0.33138,0.52754,0.38941,0.039501,0.14983,-0.28434,-0.27121,0.48761,0.71625,0.31091,0.20918,-0.32612,-0.30738,0.38304,-0.10273,-0.28089,0.46598,0.40626,0.28951,-0.048189,0.017433,-0.27227,-0.25567,-0.25422,0.041714,-0.058769,0.19932,0.13725,-0.13989,0.07498,0.21259,-0.14424,0.062716,0.10605,0.20757,0.16435,0.23636,0.71922,0.14793,0.39214,-0.18888,-0.17031,0.70468,0.12702,-0.26789,0.35055,0.33995,0.1584,0.0036143,0.11314,-0.22886,0.12198,0.21436,-0.27696,-0.26648,0.66553,-0.016952,-0.29147,0.39053,0.31827,0.15009,-0.086285,-0.019603,-0.26214,0.1633,-0.2471,-0.1509,0.086611,-0.0082511,-0.1195,0.37636,0.55336,0.35046,-0.013114,0.14239,-0.21169,-0.14196,-0.1351,0.22391,0.038078,0.072545,0.14893,0.1935,0.20362,0.29301,0.37701,-0.17293,0.75011,-0.11596,0.52059,0.44339,-0.12301,-0.18454,0.081365,0.13023,0.021672,0.7736,-0.23477,0.62211,0.41334,-0.053409,-0.1367,0.041744,0.1521,0.097802,0.60855,0.090402,-0.19564,0.22239,0.19388,0.15925,-0.074994,-0.0084014,-0.2047,0.27323,0.12323,0.084519,0.22357,0.27432,0.24266,0.43555,-0.20959,-0.23955,-0.067456,0.56534,0.49506,0.29826,0.5746,0.47134,-0.039762,0.091732,-0.16001,0.70077,-0.041638,-0.025002,-0.11091,0.10344,0.042549,0.12287,0.55227,0.064622,-0.01592
hsa5241,-0.013851,-0.00070723,-0.17496,0.20033,-0.019947,0.017529,0.33236,0.068351,-0.10748,-0.13821,-0.11045,0.069635,0.03352,0.045367,0.34362,0.18944,0.12186,0.1064,0.13305,0.35544,0.26565,-0.17876,0.62429,0.43206,0.092718,0.27097,-0.083318,-0.15618,0.70394,0.16345,-0.098371,0.11603,0.18933,0.065866,0.11195,0.062447,0.052362,0.56533,-0.061084,0.46432,0.45237,0.36135,0.49091,-0.12078,-0.19407,0.38333,0.090046,-0.074155,0.35497,0.40655,0.39524,0.077616,0.19075,-0.12401,-0.1864,0.51204,0.67575,0.27579,0.27627,0.0065612,-0.064387,0.39954,0.085067,-0.13262,0.49315,0.33501,0.31458,-0.058851,0.073396,0.0076758,-0.10528,-0.21636,0.046576,0.11883,0.19655,0.085574,-0.15043,0.11611,0.31143,0.0093915,-0.04624,0.10471,0.31682,0.3641,0.12662,0.58539,0.14675,0.42409,-0.067694,-0.10152,0.61002,0.16415,-0.11506,0.32764,0.34311,0.29429,0.1308,0.172,0.045993,0.20627,0.30112,-0.12347,-0.15554,0.54765,0.064214,-0.16861,0.36,0.32317,0.1741,-0.0050077,0.030163,-0.0090768,0.10833,-0.28484,-0.33948,0.094842,-0.066395,-0.20835,0.39474,0.549,0.30484,-0.1179,0.011061,-0.19758,0.087491,-0.009857,0.29816,0.23484,0.27264,0.32035,0.3133,0.3182,0.39859,0.49344,0.19921,0.68475,-0.047135,0.52137,0.48558,-0.021899,-0.20012,0.092868,0.19135,0.21612,0.67778,-0.16285,0.52348,0.42293,-0.12765,-0.27359,-0.09616,0.13871,0.13599,0.5535,0.11959,-0.13127,0.23724,0.17392,0.14118,0.037751,0.031913,0.056313,0.34221,0.21654,0.070017,0.10284,0.34176,0.37545,0.43189,-0.1809,-0.23696,-0.052945,0.45513,0.46303,0.43789,0.51788,0.37127,0.021644,0.26289,-0.062368,0.53966,0.034653,0.0071559,-0.074357,0.17217,0.14465,0.11133,0.47575,0.18205,0.17785
hsa5465,0.056532,0.10007,0.066338,0.15714,0.11004,0.18068,0.41038,0.019456,0.10057,0.17676,-0.039335,0.19273,-0.044442,0.22453,0.49249,0.26467,0.13617,0.12267,0.3505,0.52536,0.42027,-0.14527,0.73299,0.60581,0.2207,0.23617,-0.17536,-0.19866,0.76532,0.075448,-0.24856,0.13432,0.30648,0.18248,0.014967,0.14332,-0.14352,0.68414,-0.11208,0.61838,0.6232,0.53252,0.49281,-0.20368,-0.17655,0.50898,0.12966,-0.20836,0.4681,0.57782,0.45627,-0.01387,0.26583,-0.11673,-0.24682,0.56795,0.81088,0.48168,0.31844,-0.15255,-0.17744,0.44724,0.14138,-0.38133,0.609,0.54207,0.47104,-0.22027,0.025768,-0.16057,-0.21895,-0.25283,-0.015656,0.14017,0.20977,0.17661,-0.088633,0.043054,0.2747,-0.14384,-0.043451,0.0021643,0.14152,0.20257,0.25627,0.72032,0.39046,0.39282,-0.052373,-0.076491,0.64619,0.15137,-0.19505,0.46685,0.48005,0.33261,0.0752,0.22001,-0.10381,0.3691,0.30342,-0.046072,-0.087679,0.63332,0.15691,-0.26709,0.50698,0.49728,0.38287,-0.12803,0.061798,-0.0086871,0.3518,-0.28201,-0.15948,0.16159,0.069702,-0.12581,0.56795,0.6011,0.35235,-0.07444,0.14564,-0.181,-0.11835,-0.095592,0.16181,0.042101,0.19319,0.38689,0.35737,0.36996,0.33646,0.54432,-0.094416,0.73045,-0.028641,0.50243,0.28473,0.02081,-0.027511,0.17888,0.27296,0.073153,0.77596,-0.10866,0.66387,0.34928,0.046972,-0.031174,0.11314,0.23337,0.19904,0.68288,0.13631,-0.21771,0.18546,0.24251,0.23517,-0.084191,0.034939,-0.026658,0.20091,0.2551,0.21062,0.33083,0.25444,0.26152,0.49175,-0.24247,-0.28441,-0.1263,0.43316,0.47748,0.28438,0.74173,0.57842,0.040424,0.17681,-0.061623,0.71583,0.065221,0.12684,0.074455,0.15154,0.15611,0.23246,0.57847,0.24371,0.11225
hsa5468,-0.056401,-0.000144,0.0599,0.18998,0.048985,0.2029,0.37589,0.017719,0.069575,0.10489,-0.14518,0.14219,0.027836,0.1427,0.42594,0.38586,0.24706,0.039387,0.27879,0.46801,0.35613,-0.054305,0.63652,0.53287,0.26428,0.37263,-0.19092,-0.18825,0.81265,0.098178,-0.20772,0.23974,0.34015,0.24822,0.12784,0.12626,-0.14302,0.61734,-0.0090134,0.54302,0.53163,0.42171,0.45402,-0.14784,-0.15976,0.55937,0.095884,-0.15197,0.44549,0.51136,0.48848,0.11034,0.28044,-0.13027,-0.16383,0.53083,0.74407,0.46623,0.4068,-0.2019,-0.14055,0.41204,0.10708,-0.2826,0.65076,0.47282,0.46066,-0.090431,0.075793,-0.027929,-0.18575,-0.22581,0.044232,0.073392,0.14872,0.091987,-0.021551,0.058267,0.35486,-0.14373,-0.057569,0.088204,0.24585,0.31661,0.12791,0.72455,0.38358,0.58153,-0.083842,-0.039932,0.60045,0.16138,-0.24396,0.4862,0.49987,0.37722,0.064854,0.1581,-0.050994,0.38358,0.36014,-0.10725,-0.1254,0.55904,0.083069,-0.34891,0.50675,0.54103,0.41953,-0.080283,0.030665,0.021389,0.36344,-0.15678,-0.092365,0.21302,0.16419,-0.25157,0.57016,0.56677,0.43597,0.055789,0.11074,-0.12593,-0.095275,-0.08003,0.23449,0.15589,0.061497,0.37603,0.32341,0.31522,0.33083,0.41761,0.017138,0.69367,-0.093229,0.40648,0.32914,0.040636,0.030032,0.11388,0.065415,0.084848,0.60612,-0.15363,0.62776,0.41759,0.058895,0.007356,0.093976,0.23352,0.079594,0.61925,0.090934,-0.22875,0.21288,0.25278,0.23031,-0.030785,0.053746,-0.17691,0.24954,0.25047,0.20628,0.24246,0.33926,0.16632,0.44071,-0.16356,-0.14718,0.0028343,0.45894,0.46765,0.36241,0.69677,0.55245,0.024055,0.20134,0.030176,0.69807,0.22795,0.1557,0.09856,0.33368,0.28126,0.20899,0.4368,0.18041,0.081753
hsa5914,0.063508,0.23235,-0.019622,0.39507,0.05002,0.1315,0.53071,0.1033,-0.10368,-0.049585,-0.08135,0.19945,-0.13325,0.26784,0.57949,0.47512,0.20419,0.012999,0.19546,0.44797,0.30987,-0.18829,0.68997,0.53542,0.27686,0.41721,-0.22474,-0.24813,0.79723,0.038123,-0.11671,0.22302,0.31649,0.2625,0.16016,0.21878,-0.20145,0.65439,0.058742,0.5504,0.58993,0.5985,0.4771,-0.27666,-0.31987,0.45238,0.15905,-0.30922,0.62177,0.6815,0.63005,0.21682,0.1791,-0.14661,-0.21523,0.57189,0.767,0.46588,0.32714,-0.20979,-0.23127,0.41624,-0.010872,-0.34913,0.6651,0.55239,0.49515,0.063945,0.13836,-0.26564,-0.26204,-0.2026,0.1007,0.11258,0.098155,-0.0066479,-0.21714,0.29323,0.21864,-0.012685,0.091717,0.12675,0.38789,0.21358,0.26368,0.72596,0.36747,0.51553,-0.24413,-0.17934,0.58717,-0.023087,-0.2981,0.46912,0.49783,0.45064,0.11033,0.20664,-0.24971,0.36301,0.3504,-0.14165,-0.18883,0.58521,0.095481,-0.31386,0.59272,0.57887,0.46826,-0.016473,0.10958,-0.075132,0.18426,-0.39077,-0.26681,0.23175,-0.031874,-0.39962,0.60017,0.72676,0.61461,0.13575,0.077222,-0.23062,-0.065708,-0.15995,0.18472,0.10589,0.14386,0.21619,0.29557,0.27501,0.52952,0.55671,-0.010285,0.74887,-0.14861,0.50543,0.51911,-0.12374,-0.2299,-0.054614,0.13022,0.044149,0.75424,-0.20884,0.52149,0.3916,-0.073003,-0.22169,-0.063209,0.031233,0.036881,0.59224,0.017049,-0.19496,0.27887,0.24794,0.28622,-0.020431,0.039508,-0.13784,0.3141,0.16404,0.19861,0.27332,0.32724,0.20298,0.44128,-0.34214,-0.35273,-0.24767,0.32858,0.42994,0.48246,0.73461,0.62402,0.13638,0.13509,-0.10812,0.79527,0.16707,0.056948,-0.074426,0.28035,0.19274,0.063855,0.6129,0.10774,0.04795
hsa5915,0.067232,0.10341,0.035294,0.27474,0.13033,0.094087,0.51398,0.10999,-0.1073,-0.086901,-0.12133,0.038174,-0.1583,0.21017,0.56484,0.46276,0.10973,0.042893,0.12844,0.49212,0.37589,-0.056432,0.6992,0.54105,0.24375,0.40157,-0.1918,-0.21396,0.80076,0.071168,-0.23111,0.23262,0.34051,0.30402,0.10363,0.14032,-0.20156,0.71699,0.014649,0.60453,0.59289,0.56425,0.44421,-0.30394,-0.42515,0.48929,0.087203,-0.35122,0.56825,0.60583,0.57792,0.023539,0.205,-0.19324,-0.12695,0.60514,0.81905,0.50562,0.26659,-0.25365,-0.31843,0.46326,0.0051698,-0.39288,0.67725,0.54607,0.51791,-0.019694,0.18379,-0.23909,-0.21785,-0.13894,0.12619,0.10539,0.044551,-0.10179,-0.15821,0.22722,0.24449,-0.11198,0.051106,0.013605,0.26515,0.24218,0.11727,0.73095,0.41402,0.4295,-0.23527,-0.1816,0.61398,0.0041978,-0.40454,0.50152,0.56003,0.42986,0.022307,0.17355,-0.23543,0.38516,0.32712,-0.093356,-0.19421,0.59853,0.038982,-0.32423,0.54605,0.53275,0.44026,-0.016522,0.16931,-0.096899,0.14426,-0.30458,-0.26433,0.22399,-0.033906,-0.37618,0.62058,0.71897,0.65504,-0.035273,0.13037,-0.16663,-0.013858,-0.11781,0.167,0.15449,0.11393,0.25682,0.32979,0.28211,0.37887,0.4446,0.060791,0.72556,-0.10927,0.49043,0.53753,-0.090154,-0.21046,-0.054082,0.10761,-0.0038217,0.75627,-0.21702,0.45432,0.44143,-0.096039,-0.22909,-0.094521,0.082331,0.014517,0.60584,0.023159,-0.2291,0.26552,0.24778,0.30589,-0.064035,0.058937,-0.17279,0.40609,0.13671,0.098444,0.1185,0.29807,0.32873,0.41252,-0.32403,-0.4105,-0.31725,0.45167,0.3699,0.52744,0.72051,0.64877,0.054566,0.20012,-0.070957,0.78761,0.074414,0.14978,-0.083277,0.074221,0.18843,0.042279,0.56675,0.1111,0.03403
hsa5916,0.042417,0.096198,0.015781,0.34458,0.13249,0.13823,0.42304,0.11568,-0.075154,-0.01526,-0.10611,0.069401,-0.1392,0.18863,0.55015,0.46276,0.085072,0.01363,0.20757,0.49594,0.36982,-0.0040956,0.72042,0.55346,0.20566,0.32289,-0.13882,-0.26885,0.81984,-0.022945,-0.15684,0.22955,0.30297,0.28303,0.088344,0.14545,-0.093735,0.73352,0.0843,0.61892,0.65494,0.53568,0.4491,-0.28473,-0.37527,0.51001,0.0087075,-0.35272,0.54887,0.5919,0.57943,0.10053,0.14255,-0.17104,-0.11805,0.60405,0.7722,0.48786,0.34797,-0.24592,-0.28346,0.45691,-0.092541,-0.38305,0.63998,0.54841,0.54579,-0.061253,0.090483,-0.21638,-0.18294,-0.16003,0.22759,0.036673,0.061216,-0.080259,-0.061407,0.17492,0.20145,-0.098758,0.060135,0.09431,0.22169,0.24576,0.20368,0.74188,0.36267,0.52758,-0.20038,-0.19098,0.64359,-0.044353,-0.38303,0.50127,0.59011,0.53201,0.041703,0.14624,-0.16358,0.31447,0.34736,-0.13425,-0.2026,0.63067,-0.02085,-0.33617,0.56178,0.52826,0.48873,-0.043014,0.072516,-0.022789,0.26916,-0.33948,-0.30984,0.15241,-0.10069,-0.36026,0.57548,0.67367,0.54247,0.11522,0.15951,-0.18397,-0.082962,-0.10688,0.16227,0.044913,0.0075775,0.287,0.41463,0.39647,0.42062,0.42057,0.010899,0.72384,-0.058296,0.55964,0.5478,-0.17999,-0.2249,-0.03819,0.10278,0.027137,0.80541,-0.2741,0.56496,0.40331,-0.081299,-0.17969,-0.049257,0.087379,0.061066,0.56995,-0.0052089,-0.14729,0.2701,0.22736,0.29071,-0.036206,0.066019,-0.034164,0.38721,0.092427,0.086432,0.20551,0.27219,0.25171,0.54296,-0.35013,-0.38019,-0.2818,0.3683,0.35711,0.55125,0.69614,0.58155,0.045525,0.25186,-0.13485,0.81279,0.053686,0.066106,-0.056214,0.19301,0.13053,0.037985,0.4871,0.11148,0.084823
hsa6095,-0.024319,0.00058351,0.042482,0.097102,0.093015,0.25245,0.411,-0.0055509,0.0048196,0.16711,-0.032087,0.21538,-0.12807,0.22938,0.53675,0.35353,0.10367,-0.012943,0.33267,0.46424,0.40386,0.16256,0.68564,0.52246,0.12058,0.35928,-0.10857,-0.18471,0.83305,0.14431,0.024168,0.16512,0.2152,0.20909,0.099736,0.19046,-0.14211,0.62035,0.047415,0.51928,0.52504,0.35906,0.34581,-0.060167,-0.12817,0.57692,0.20608,-0.015298,0.37228,0.46001,0.40477,0.086413,0.19064,-0.12743,-0.086299,0.53981,0.67811,0.43088,0.27729,-0.077872,-0.072793,0.46396,0.22517,-0.13253,0.64416,0.54131,0.52187,0.081201,0.18889,-0.060479,-0.034832,-0.1378,0.072689,0.0092365,-0.048623,0.029806,0.097176,0.14449,0.21275,-0.16646,-0.017492,-0.01885,0.086012,0.22215,0.026087,0.66729,0.31638,0.5698,-0.09003,-0.080448,0.59896,0.2307,-0.038063,0.46595,0.43946,0.32519,0.1826,0.25937,-0.072714,0.28512,0.22081,-0.027371,-0.055001,0.60865,0.18561,-0.22439,0.4932,0.53596,0.45025,-0.0067963,-0.023495,0.12177,0.13985,-0.11793,0.053769,0.053226,0.32155,-0.086864,0.47076,0.58931,0.43931,0.055673,0.094506,-0.043949,-0.18616,-0.13288,0.16708,-0.096766,0.21155,0.22075,0.2128,0.17389,0.29506,0.42632,-0.066052,0.66169,0.088927,0.46053,0.3817,-0.0129,-0.082963,0.028807,0.13977,0.037755,0.62853,-0.095791,0.53637,0.32294,0.060626,-0.018276,0.1263,0.14262,0.061937,0.47753,0.24489,0.016476,0.19567,0.25354,0.25896,0.038293,0.060019,-0.0079964,0.15902,0.28981,0.29167,0.30127,0.18723,0.17172,0.19816,-0.17114,-0.25889,-0.18131,0.36462,0.3759,0.26395,0.72699,0.56949,0.10154,0.24319,-0.04697,0.70694,0.15442,0.061565,0.070198,0.22911,0.034524,0.081859,0.39008,0.12796,-0.074838
hsa6096,-0.12953,0.010801,-0.033433,0.049231,-0.088732,0.054865,0.29732,0.012988,0.061184,0.15966,-0.22742,0.090742,0.025629,0.04912,0.40447,0.14553,-0.0017628,0.044903,0.36019,0.47397,0.31492,-0.061969,0.63046,0.56268,0.27606,0.13582,-0.30529,-0.22237,0.75253,0.0011736,-0.20861,0.21051,0.14113,0.068309,0.037861,0.080861,-0.2034,0.6224,-0.034929,0.51089,0.49042,0.51929,0.4458,-0.20119,-0.20158,0.55565,0.023155,0.01132,0.45629,0.47451,0.39476,0.14261,0.25176,-0.07757,-0.20175,0.61011,0.70433,0.39993,0.45708,-0.18081,-0.23066,0.47925,0.016347,-0.1058,0.60761,0.41039,0.42684,0.095235,0.16132,-0.10317,-0.2096,-0.21198,0.12666,-0.015263,0.059401,-0.019406,-0.051509,0.10865,0.31306,-0.23282,-0.076063,0.0502,0.13068,0.26899,0.068993,0.7468,0.27875,0.50685,-0.2092,-0.17655,0.65368,0.16635,-0.11203,0.49279,0.31557,0.31135,0.19083,0.19682,-0.16768,0.27726,0.24214,-0.19269,-0.1661,0.62477,0.094601,-0.24897,0.45437,0.37353,0.30821,0.11693,0.027488,0.042223,0.17304,-0.24488,-0.16034,0.17375,0.046701,-0.11367,0.52468,0.54156,0.32644,-0.044162,0.15572,-0.053251,-0.030616,-0.17276,0.25354,0.23313,0.20209,0.26477,0.31559,0.42603,0.26894,0.48535,-0.10832,0.6795,-0.17423,0.48121,0.38505,-0.16031,-0.08307,0.17819,0.20163,0.096359,0.71969,-0.21319,0.50299,0.30619,-0.14631,-0.11055,0.053157,0.13278,0.018927,0.50443,0.015931,-0.10525,0.18854,0.11153,0.15198,0.13069,0.069937,-0.12972,0.26669,-0.041565,0.13647,0.30244,0.30275,0.22091,0.36288,-0.17666,-0.15691,-0.035826,0.42756,0.63263,0.22261,0.60717,0.40677,0.039055,0.085482,-0.13707,0.63066,0.14579,0.066665,0.11367,0.24528,0.21834,0.18169,0.46775,0.076191,0.065353
hsa6097,0.0024248,0.10803,-0.019518,0.22166,0.045703,0.11233,0.46303,0.07047,-0.01354,0.064864,-0.091327,0.21826,0.083211,0.20741,0.45124,0.32865,0.21393,0.069452,0.26029,0.41699,0.34152,0.031905,0.65181,0.43237,0.16286,0.41172,-0.13436,-0.2235,0.82061,0.010568,-0.04356,0.097582,0.11986,0.24291,0.27436,0.16742,-0.27296,0.5911,-0.0052645,0.49343,0.54669,0.49385,0.50494,-0.15949,-0.22398,0.45247,0.11019,-0.091066,0.43959,0.51536,0.49669,0.10134,0.15555,0.0063083,-0.18393,0.51386,0.67596,0.26211,0.39609,-0.034972,-0.19994,0.43546,0.011641,-0.18819,0.48025,0.36185,0.32705,-0.10353,0.021842,-0.084805,-0.24063,-0.23304,0.24343,0.022477,0.06149,-0.0075202,-0.029373,0.038611,0.30101,-0.19802,-0.15095,0.049151,0.007589,0.2127,0.12601,0.71294,0.075565,0.5133,-0.091053,-0.091599,0.60878,0.16291,-0.19397,0.37794,0.41635,0.29047,0.1963,0.093955,-0.1477,0.1965,0.34031,-0.026208,-0.14867,0.54664,0.14443,-0.25302,0.43169,0.44965,0.33163,0.055097,-0.026767,0.08867,0.24312,-0.15721,-0.023365,0.12303,0.014568,0.1515,0.42109,0.46268,0.40751,0.034206,0.19591,0.07709,-0.12947,-0.26616,0.3623,0.069462,0.08554,0.31263,0.29603,0.36267,0.26462,0.29663,-0.074354,0.65554,-0.043714,0.49103,0.25481,-0.075765,-0.14174,0.138,-0.026263,0.014111,0.62517,-0.23441,0.48476,0.30367,0.018522,-0.069027,0.066666,-0.0029634,0.041687,0.44285,0.044746,-0.063183,0.16077,0.095898,0.22103,0.19212,0.058839,-0.14902,0.16518,0.18213,0.1657,0.27801,0.18108,0.19647,0.44869,-0.12045,-0.308,-0.077154,0.29766,0.57954,0.18655,0.66085,0.42923,0.077361,0.07168,-0.025863,0.6046,0.0096837,-0.10683,0.092277,0.16385,0.082915,0.20143,0.24645,-0.031187,-0.036326
hsa6256,-0.11461,-0.030485,-0.026819,0.29291,-0.070914,0.081741,0.35986,0.04743,-0.02258,0.13018,-0.2312,0.20023,0.093035,0.12823,0.33454,0.27614,0.21477,0.084264,0.29461,0.48126,0.45152,-0.11024,0.7038,0.55709,0.2363,0.39421,-0.27639,-0.32564,0.78195,0.053425,-0.25136,0.25484,0.33538,0.20361,0.065577,0.10527,-0.29227,0.70193,-0.10026,0.63567,0.58743,0.49798,0.46576,-0.23901,-0.24414,0.49608,0.089107,-0.25401,0.51719,0.5368,0.47761,0.0012211,0.21048,-0.2457,-0.21439,0.62539,0.84503,0.38624,0.28097,-0.21313,-0.16274,0.53522,0.13655,-0.36792,0.62677,0.56649,0.50732,-0.18597,0.12066,-0.077078,-0.21539,-0.23258,0.0030372,0.052932,0.12571,0.039488,-0.22052,0.17529,0.32086,-0.061623,-0.001034,0.097635,0.39738,0.20278,0.22808,0.73164,0.32097,0.55403,-0.12582,-0.077557,0.63157,0.10417,-0.22225,0.56446,0.51664,0.38061,0.032281,0.19897,-0.19248,0.26417,0.38675,-0.1045,-0.086426,0.60389,0.15364,-0.28872,0.58225,0.52516,0.44003,-0.078087,0.13603,0.0068478,0.27108,-0.24452,-0.10124,0.11573,0.14,-0.18486,0.46423,0.57399,0.35445,0.0010822,0.12396,-0.095999,0.033134,-0.049627,0.15945,0.048384,0.12909,0.40509,0.29365,0.36281,0.35675,0.42602,-0.034514,0.71433,-0.1435,0.45219,0.43078,0.0072007,-0.14094,0.12087,0.16842,0.0095901,0.70157,-0.25589,0.58607,0.41834,0.12687,-0.059939,0.16839,0.20862,0.089026,0.62311,0.090546,-0.27464,0.24208,0.28203,0.24361,-0.12613,-0.0028256,-0.19028,0.19535,0.30169,0.27616,0.41089,0.34149,0.2786,0.47578,-0.19908,-0.26019,-0.024589,0.52173,0.36232,0.4195,0.73131,0.64126,0.11673,0.31314,0.027208,0.67773,0.08336,0.11648,0.015895,0.32547,0.33926,0.25572,0.47907,0.17619,-0.016114
hsa6257,-0.069553,-0.033698,-0.05475,0.18083,0.023546,0.085571,0.35628,-0.035317,-0.11065,0.012924,-0.14999,0.060296,0.051128,0.0038189,0.31545,0.18677,0.088217,-0.018981,0.19044,0.4341,0.34032,-0.16072,0.62063,0.51963,0.13066,0.22024,-0.25962,-0.35111,0.81994,-0.0013285,-0.27285,0.18723,0.18192,0.033489,0.066441,0.073659,-0.20279,0.69557,0.035626,0.56045,0.55019,0.41486,0.47015,-0.10686,-0.27276,0.51467,0.1729,-0.10401,0.49206,0.5255,0.41159,0.056463,0.31396,-0.071264,-0.027193,0.49741,0.74787,0.41429,0.34364,-0.039868,-0.23455,0.42751,0.2073,-0.20859,0.60974,0.47937,0.38992,-0.13153,0.26457,0.028465,-0.21274,-0.11977,-0.049596,0.15348,0.28694,0.096317,-0.20633,0.31807,0.39051,-0.14304,-0.053306,0.051449,0.36147,0.40152,0.24972,0.70727,0.22858,0.38719,-0.12818,-0.1417,0.62698,0.16433,-0.17856,0.49675,0.51219,0.25967,-0.029553,0.24341,-0.056892,0.26211,0.29237,-0.06886,-0.13939,0.56151,0.21057,-0.22673,0.49469,0.44914,0.31662,-0.083966,0.1804,0.12149,0.097378,-0.17911,-0.16206,0.14176,-0.011075,-0.18347,0.53046,0.61577,0.34713,-0.15209,0.038148,0.0099087,0.12791,0.065267,0.15901,0.26357,0.29753,0.356,0.33754,0.31789,0.4187,0.58348,0.0093677,0.63177,-0.09575,0.5485,0.46965,-0.027861,-0.11948,0.18069,0.20097,0.25832,0.69419,-0.30489,0.48823,0.41723,0.017655,-0.084618,0.022871,0.15183,0.10928,0.52719,0.042951,-0.2284,0.23032,0.12989,0.051802,-0.14211,0.029286,-0.063598,0.33004,0.25087,0.1773,0.3365,0.34329,0.46319,0.51153,-0.15116,-0.18073,-0.027144,0.43966,0.44812,0.3945,0.70301,0.44888,-0.0022196,0.32679,0.0079988,0.6101,0.11672,0.18578,0.062985,0.24874,0.33545,0.23634,0.43982,0.10381,0.13624
hsa6258,0.034529,0.0089466,-0.017849,0.34035,-0.034413,0.075152,0.38044,-0.015135,-0.079953,-0.081803,-0.10612,0.092328,0.039009,0.058553,0.36529,0.23981,0.14829,0.04726,0.18131,0.4409,0.41625,0.053163,0.68418,0.51519,0.26325,0.31014,-0.21051,-0.32612,0.81352,0.086843,-0.15658,0.29306,0.42024,0.21742,0.12379,0.17005,-0.27157,0.67277,0.17054,0.52811,0.55196,0.44284,0.44259,-0.19247,-0.34232,0.45002,0.12467,-0.22477,0.50522,0.47924,0.52506,0.18199,0.33171,-0.14266,-0.0013,0.59591,0.79151,0.38268,0.30959,-0.062738,-0.20683,0.50087,0.17511,-0.229,0.6267,0.48162,0.46166,-0.10053,0.19278,-0.048581,-0.087491,-0.044401,0.22707,0.12704,0.1097,-0.049869,0.030283,0.20757,0.28123,0.065887,0.085322,0.17648,0.29692,0.32246,0.17762,0.68739,0.25275,0.45596,-0.07448,-0.14383,0.6216,0.14291,-0.2114,0.54025,0.50859,0.32002,0.045906,0.27722,-0.13164,0.27036,0.30076,-0.020998,-0.1043,0.56528,0.17724,-0.2376,0.51632,0.54456,0.43765,-0.060711,0.12686,0.090906,0.24237,-0.22571,-0.23012,0.19502,0.21729,-0.15955,0.5476,0.65366,0.43092,0.11567,0.21241,-0.11061,-0.026573,-0.17504,0.15378,0.14636,0.16844,0.36001,0.36541,0.31103,0.37595,0.5931,-0.055091,0.70935,-0.048437,0.50739,0.46519,0.07316,-0.10082,0.18217,0.097725,0.10448,0.72385,-0.24934,0.52619,0.30256,-0.034082,-0.19496,-0.040137,0.05281,0.016578,0.60738,0.13119,-0.19393,0.28406,0.31865,0.25511,-0.098482,0.053821,-0.13032,0.29497,0.30015,0.26896,0.31791,0.26115,0.2955,0.42334,-0.16777,-0.17984,-0.091214,0.32592,0.35983,0.37162,0.6941,0.60252,0.13088,0.3355,0.021084,0.68803,0.23189,0.21055,-0.049541,0.33385,0.26826,0.19215,0.37981,0.057724,0.077491
hsa7421,-0.12342,-0.071273,-0.15292,0.2741,-0.006482,-0.0087972,0.28156,-0.015179,0.030507,0.13903,-0.22756,0.10563,-0.14188,0.064768,0.34986,0.20198,0.029479,0.019873,0.27702,0.55376,0.42503,-0.041791,0.75716,0.53158,0.31991,0.44771,-0.20914,-0.31049,0.84474,0.093485,-0.046461,0.253,0.31703,0.16566,0.096829,0.27572,-0.18297,0.664,-0.020191,0.68446,0.65334,0.53426,0.48698,-0.26226,-0.24855,0.60325,0.10487,-0.085037,0.56425,0.53766,0.44251,0.097432,0.29035,-0.19039,-0.14852,0.60818,0.77257,0.40109,0.44115,-0.15088,-0.17781,0.48595,0.09579,-0.059911,0.57548,0.40432,0.37069,-0.058191,0.083856,-0.16248,-0.16405,-0.1949,0.11668,0.04557,0.12692,0.10995,0.0046984,0.20644,0.20717,-0.068762,0.11512,0.1251,0.086572,0.23759,0.22306,0.77263,0.31082,0.48127,-0.18419,-0.16596,0.67271,0.11146,-0.1153,0.51158,0.50561,0.34652,0.01401,0.2272,-0.1293,0.25128,0.34219,-0.19808,-0.19094,0.58189,0.080775,-0.14566,0.49553,0.41703,0.28831,-0.076115,0.066931,-0.026548,0.27228,-0.22227,-0.162,0.26454,0.093039,-0.12366,0.5876,0.60791,0.33715,0.0054682,0.1219,-0.12772,-0.025816,-0.15025,0.35657,0.14717,0.10809,0.24961,0.35552,0.35816,0.34996,0.43564,-0.0030813,0.76874,-0.13009,0.50577,0.40055,-0.12613,-0.18632,0.2447,0.21456,0.12358,0.67014,-0.2344,0.58301,0.27228,-0.10185,-0.2055,0.12496,0.16085,0.033053,0.54207,0.12598,0.050547,0.22458,0.25282,0.202,-0.006439,0.23383,-0.10862,0.20735,0.043068,0.10654,0.25671,0.21085,0.1696,0.41677,-0.12249,-0.21542,0.1057,0.39208,0.42327,0.24938,0.71095,0.52722,-0.033562,0.12542,-0.10481,0.59979,-0.084861,0.10014,-0.052003,0.16004,0.15797,0.23224,0.36293,0.20193,-0.012805
hsa8856,-0.11199,0.0018373,-0.073886,0.24346,-0.22947,-0.075958,0.34254,-0.048111,-0.051908,-0.069099,-0.20205,0.03942,0.030268,0.085507,0.32953,0.21607,0.094471,-0.047528,0.19414,0.52148,0.43287,-0.090441,0.61726,0.44921,0.33766,0.46482,-0.27596,-0.22069,0.79849,0.033466,-0.096909,0.17395,0.19527,0.3017,0.16225,0.35506,-0.21284,0.74898,-0.14691,0.62884,0.62881,0.5826,0.53874,-0.27075,-0.21925,0.6396,-0.017304,-0.14278,0.54221,0.5772,0.56477,0.011945,0.27712,-0.26519,-0.27983,0.66815,0.7981,0.48815,0.36412,-0.21308,-0.068897,0.60312,0.042691,-0.23297,0.67938,0.56187,0.54661,-0.047552,0.14669,-0.2155,-0.29705,-0.26591,-0.10885,0.015316,0.13493,-0.086803,-0.15695,0.0076466,0.19487,-0.31028,-0.15655,-0.15336,0.18644,0.098619,0.1461,0.76214,0.24184,0.48419,-0.17897,-0.06911,0.70636,0.15124,-0.23733,0.51954,0.4525,0.44205,0.010899,0.21199,-0.24667,0.30588,0.35853,-0.12789,-0.026723,0.61088,0.15442,-0.2881,0.59253,0.4942,0.4776,-0.052005,0.11249,-0.05576,0.26651,-0.2147,-0.089036,0.29364,-0.068234,-0.054544,0.507,0.63725,0.48138,-0.051095,0.21453,-0.081217,-0.14252,-0.21905,0.37382,-0.0071173,0.00284,0.23527,0.35791,0.39846,0.29419,0.42381,-0.10684,0.72145,-0.18386,0.53155,0.42237,-0.067416,-0.096891,0.1317,0.11108,-0.046632,0.79748,-0.16939,0.65801,0.36536,0.083464,-0.054833,0.1133,0.10409,0.033247,0.62186,0.028166,-0.16276,0.34721,0.3188,0.42395,-0.048466,0.16765,-0.20791,0.27587,0.085227,0.096971,0.23501,0.29006,0.078663,0.46357,-0.24746,-0.2075,-0.010298,0.36252,0.27846,0.37638,0.78174,0.64533,-0.050593,0.13793,-0.14333,0.79793,0.0035353,0.09389,-0.051969,0.23735,0.17397,0.12439,0.34378,0.08431,-0.097688
hsa9970,-0.074994,-0.0073449,-0.068981,0.42683,-0.072884,0.050992,0.40379,0.11749,0.1367,0.12006,-0.21399,0.31456,0.12726,0.15214,0.47344,0.39584,0.27384,0.16834,0.32199,0.45549,0.36933,-0.06128,0.70891,0.59158,0.28189,0.50671,-0.23374,-0.35178,0.8512,0.01532,-0.21105,0.23891,0.34259,0.23494,0.12505,0.25023,-0.30817,0.75974,-0.046481,0.57136,0.64265,0.58091,0.58892,-0.35828,-0.27789,0.53528,0.053699,-0.31595,0.65032,0.61438,0.59554,0.070116,0.21137,-0.28342,-0.13936,0.64466,0.78487,0.49926,0.42399,-0.35355,-0.25346,0.46682,-0.044441,-0.3438,0.64994,0.47005,0.49293,-0.074136,0.0098535,-0.23849,-0.17427,-0.14788,0.12833,0.090849,0.20963,0.18787,-0.17457,0.3352,0.43624,-0.034324,0.16736,0.17102,0.26729,0.21381,0.20135,0.77884,0.3164,0.6213,-0.23834,-0.26342,0.71895,-0.017727,-0.2687,0.46213,0.48139,0.41015,0.081552,0.18057,-0.11105,0.399,0.49553,-0.26485,-0.31372,0.68857,0.022472,-0.34388,0.51527,0.51166,0.47337,-0.066547,0.012633,-0.10071,0.29538,-0.28474,-0.01931,0.26285,0.076487,-0.17295,0.63802,0.62279,0.45981,-0.090552,0.13431,-0.093343,-0.098264,-0.19113,0.37123,0.086026,0.010454,0.38585,0.58145,0.54275,0.44026,0.47095,-0.028473,0.71392,-0.21437,0.52286,0.51825,-0.21938,-0.15077,0.097221,0.31998,0.12796,0.7339,-0.30318,0.502,0.48489,-0.077521,-0.19663,0.0080455,0.0908,0.11173,0.63081,-0.016176,-0.2643,0.23556,0.25428,0.303,-0.093045,0.08003,-0.21171,0.30049,0.079299,0.13485,0.22364,0.28632,0.17485,0.38524,-0.30203,-0.21964,0.013823,0.38277,0.38978,0.43769,0.68994,0.51306,0.075309,0.17202,-0.17997,0.70638,0.22616,0.1848,-0.0058598,0.28715,0.21736,0.20867,0.52642,0.24092,0.051545
hsa9971,0.040329,0.042647,-0.0038974,0.27701,-0.0072917,0.19666,0.38361,-0.11078,0.030699,0.11227,-0.0052048,0.24377,-0.12303,0.10006,0.35039,0.29412,0.096253,0.0080392,0.22801,0.49269,0.44475,-0.1793,0.68467,0.61432,0.28493,0.14536,-0.14967,-0.20317,0.79596,0.012711,-0.21948,0.24366,0.31478,0.29602,0.1547,-0.0019156,-0.22723,0.68566,-0.02171,0.57679,0.62648,0.54562,0.41705,-0.14932,-0.17357,0.51401,0.031894,-0.098742,0.5713,0.57773,0.61773,0.2528,0.28074,-0.17775,-0.19523,0.66931,0.78888,0.39094,0.21503,-0.15058,-0.14185,0.48495,0.057875,-0.22493,0.64586,0.51415,0.46988,-0.022243,0.042274,-0.19211,-0.25379,-0.21544,0.003096,0.17675,0.090687,0.04372,-0.23022,0.10118,0.27456,-0.1773,-0.095898,0.026815,0.25859,0.2303,0.17293,0.76021,0.35782,0.37759,-0.076891,-0.05378,0.64834,0.089625,-0.19846,0.51801,0.48439,0.36247,0.059713,0.088455,-0.19797,0.40025,0.20108,-0.13909,-0.16057,0.62888,0.027937,-0.31409,0.57629,0.54727,0.45444,-0.012939,0.0113,-0.14552,0.21665,-0.14542,-0.060019,0.27209,0.050685,-0.051176,0.54043,0.57947,0.45655,0.033152,0.16948,-0.15839,-0.08441,-0.1042,0.044166,0.003324,0.25693,0.26623,0.28648,0.27811,0.39207,0.46956,0.031232,0.73057,-0.028016,0.45458,0.36428,0.012171,0.0053594,0.16954,0.044628,0.066559,0.71364,-0.14361,0.60279,0.322,0.041958,0.0057841,0.11489,-0.014768,0.13079,0.60689,-0.060138,-0.23095,0.22118,0.21877,0.29134,-0.025927,-0.069495,-0.16792,0.2158,0.21607,0.28961,0.38154,0.24991,0.094459,0.46828,-0.13827,-0.15748,-0.013844,0.40136,0.46118,0.35796,0.72918,0.60449,0.12662,0.18239,-0.049159,0.75554,0.14663,0.07397,0.054144,0.33781,0.22413,0.22545,0.47105,0.13159,0.05336
