hsa190,0.40121,0.3714,0.35879,0.33243,0.29526,0.4277,0.39115,0.28429,0.35192,0.32651,0.36905,0.37679,0.41675,0.2816,0.31218,0.45397,0.39345,0.15365,0.27099,0.34528,0.12126,0.18873,0.1482,0.18531,0.19918,0.17705,0.17611,0.16968,0.17994,0.17174,0.19278,0.16058,0.16747,0.15346,0.16524,0.13961,0.10465,0.096234,0.14634,0.14537,0.13421,0.19851,0.16665,0.20657,0.19307,0.19198,0.19079,0.18636,0.18865,0.20322,0.22975,0.17609,0.18024,0.17107,0.16947,0.1517,0.10298,0.11521,0.14005,0.16006,0.11919,0.18782,0.15341,0.18199,0.18755,0.17207,0.17128,0.16463,0.17953,0.17065,0.20672,0.15383,0.17146,0.16195,0.16502,0.13762,0.097634,0.10976,0.14421,0.13627,0.12458,0.18981,0.15145,0.1793,0.20801,0.16003,0.16317,0.15742,0.17336,0.18358,0.21765,0.15411,0.18503,0.15884,0.17328,0.1385,0.10177,0.10659,0.14092,0.1573,0.12833,0.18928,0.1555,0.18415,0.20916,0.18033,0.19266,0.17789,0.18701,0.18377,0.20831,0.17511,0.17819,0.16001,0.18527,0.14371,0.11198,0.10938,0.1432,0.15498,0.12043,0.19816,0.15646,0.19274,0.20873,0.18269,0.17654,0.19102,0.19718,0.19054,0.22181,0.1656,0.1856,0.17295,0.17886,0.1479,0.10618,0.10327,0.15638,0.14106,0.12053,0.18569,0.16422,0.18871,0.1961,0.18141,0.17163,0.18559,0.1868,0.19398,0.23264,0.15828,0.19389,0.17487,0.17656,0.15671,0.1165,0.11301,0.13932,0.15776,0.11675,0.22858,0.15689,0.19279,0.20254,0.19228,0.19311,0.16478,0.18384,0.18827,0.22172,0.1953,0.17842,0.17298,0.18647,0.14386,0.097901,0.10751,0.15224,0.15926,0.11327,0.20036,0.15645,0.18979,0.20446,0.18585,0.18258,0.18028,0.177,0.19254,0.22788,0.17599,0.19376,0.18504,0.19369,0.1537,0.11166,0.10641,0.16614,0.15684,0.12238,0.20256,0.16294,0.1832,0.20757,0.19226,0.18339,0.18633,0.19069,0.2109,0.24135,0.1606,0.19694,0.16358,0.19422,0.14969,0.11068,0.10089,0.13648,0.17035,0.118,0.22217,0.17052,0.19027,0.20832,0.20628,0.19645,0.19605,0.19025,0.19658,0.23156,0.18483,0.18586,0.16716,0.19024,0.14085,0.11297,0.10804,0.15097,0.16378,0.1259,0.20588,0.15347,0.17983,0.20899,0.18674,0.1898,0.18253,0.18883,0.1886,0.23666,0.17268,0.17425,0.16263,0.18626,0.1577,0.10686,0.11239,0.14816,0.14415,0.12837,0.19354,0.14708,0.19459,0.19912,0.18275,0.19819,0.17939,0.18292,0.19395,0.21001,0.16611,0.18677,0.16348,0.1851,0.14212,0.11056,0.11008,0.14901,0.15997
hsa2099,0.38379,0.36184,0.39721,0.35012,0.31256,0.46291,0.38822,0.3007,0.40646,0.31465,0.34138,0.36535,0.43443,0.30155,0.44338,0.53494,0.43015,0.17334,0.32297,0.31674,0.11001,0.15932,0.14705,0.17252,0.19258,0.16317,0.15123,0.13068,0.20342,0.16879,0.18017,0.14447,0.19401,0.17526,0.16914,0.12279,0.11947,0.15105,0.16329,0.14043,0.1207,0.16832,0.16651,0.17729,0.1946,0.16393,0.17564,0.14138,0.20555,0.19365,0.19306,0.15866,0.18371,0.18267,0.17581,0.12511,0.11303,0.14645,0.16249,0.15994,0.11871,0.15226,0.14644,0.1595,0.19451,0.1431,0.14625,0.13316,0.17819,0.15722,0.17796,0.12892,0.18854,0.1602,0.16185,0.11502,0.11632,0.14573,0.16343,0.13571,0.12338,0.16137,0.16821,0.1668,0.19107,0.15948,0.1533,0.14514,0.21154,0.16395,0.18624,0.12776,0.18757,0.17497,0.15647,0.12115,0.11517,0.16096,0.17819,0.13834,0.12194,0.16363,0.16777,0.18143,0.19493,0.15616,0.17736,0.14052,0.18943,0.18053,0.18526,0.1494,0.18419,0.16394,0.18091,0.13635,0.11991,0.14082,0.17471,0.14873,0.11168,0.17075,0.16094,0.17396,0.20428,0.15828,0.16623,0.14792,0.20766,0.17184,0.19298,0.15294,0.19126,0.17294,0.17357,0.12176,0.10932,0.16387,0.18892,0.14022,0.11513,0.15366,0.1685,0.1662,0.19055,0.15496,0.1366,0.14559,0.20264,0.16017,0.17675,0.14189,0.1888,0.18166,0.16748,0.13248,0.12195,0.1455,0.16523,0.13297,0.11683,0.17089,0.16247,0.16594,0.19006,0.15549,0.16404,0.14596,0.21823,0.1648,0.17193,0.1501,0.18974,0.1785,0.19115,0.12231,0.10621,0.15617,0.17108,0.13735,0.12357,0.16714,0.16443,0.1853,0.20272,0.17445,0.17802,0.13559,0.22093,0.16553,0.17815,0.15355,0.18784,0.17106,0.18577,0.13296,0.12649,0.15768,0.1728,0.13552,0.11945,0.15811,0.15535,0.18813,0.19356,0.15567,0.16022,0.14678,0.20368,0.17616,0.18956,0.14117,0.19112,0.17266,0.20043,0.13119,0.12011,0.15828,0.16767,0.14182,0.1194,0.17435,0.17064,0.17371,0.19735,0.16599,0.1548,0.14438,0.20924,0.17636,0.17835,0.15349,0.19216,0.16511,0.19279,0.13282,0.1154,0.16661,0.17325,0.14881,0.11824,0.16872,0.17302,0.1799,0.19477,0.18257,0.17925,0.14861,0.22068,0.16572,0.18504,0.15191,0.17502,0.17657,0.2023,0.13229,0.11594,0.15226,0.1717,0.13787,0.11146,0.1728,0.16884,0.17936,0.20536,0.16106,0.17227,0.13701,0.20174,0.16637,0.17145,0.15314,0.17125,0.1775,0.19712,0.13674,0.12729,0.15582,0.16925,0.13838
hsa2100,0.38047,0.36283,0.39662,0.3479,0.31499,0.46774,0.3829,0.30328,0.41694,0.31025,0.35407,0.3794,0.43842,0.31003,0.42239,0.53037,0.41965,0.17366,0.31355,0.32075,0.11372,0.15626,0.15633,0.163,0.19805,0.15506,0.15743,0.1283,0.20652,0.16232,0.17869,0.15679,0.20163,0.1726,0.15652,0.12846,0.12277,0.13945,0.15836,0.1414,0.13108,0.17837,0.17662,0.17345,0.21668,0.16124,0.17515,0.13939,0.19713,0.18454,0.19677,0.17966,0.18928,0.18566,0.16103,0.12731,0.10844,0.14618,0.16345,0.16356,0.11612,0.15167,0.15205,0.16205,0.20689,0.14518,0.1493,0.13173,0.177,0.15387,0.17796,0.13821,0.18373,0.17639,0.15591,0.11991,0.10831,0.15328,0.17494,0.13207,0.12444,0.16258,0.17104,0.16576,0.21538,0.14913,0.14264,0.14154,0.219,0.16306,0.1872,0.13745,0.19815,0.18003,0.16699,0.12717,0.11965,0.15752,0.18071,0.14505,0.11811,0.15386,0.17655,0.18232,0.22138,0.1589,0.17082,0.13392,0.20152,0.17159,0.18412,0.15493,0.17805,0.16496,0.16745,0.13754,0.1147,0.14739,0.16777,0.146,0.11423,0.16884,0.16322,0.1807,0.21657,0.15634,0.16444,0.14342,0.20932,0.169,0.195,0.16235,0.20061,0.16626,0.15932,0.12454,0.11497,0.14809,0.18021,0.13854,0.12458,0.14355,0.17086,0.16228,0.19406,0.15903,0.14468,0.1415,0.20058,0.14477,0.16753,0.149,0.20121,0.17326,0.15793,0.13308,0.11917,0.14294,0.1667,0.12861,0.12122,0.16613,0.16408,0.1779,0.20563,0.15297,0.16739,0.13709,0.20703,0.16554,0.17787,0.15324,0.19968,0.17837,0.15174,0.12509,0.10837,0.14587,0.17459,0.1491,0.1246,0.1697,0.17306,0.18419,0.2134,0.16407,0.17854,0.12844,0.21678,0.16443,0.1768,0.16951,0.18621,0.18072,0.1718,0.14362,0.12644,0.1584,0.18192,0.13997,0.11655,0.15599,0.1705,0.18119,0.209,0.14961,0.1598,0.13673,0.20795,0.16935,0.19506,0.14533,0.19374,0.18808,0.19446,0.13641,0.11537,0.15365,0.16425,0.14305,0.12327,0.18028,0.16898,0.18916,0.21457,0.17725,0.16496,0.13823,0.22384,0.17882,0.18847,0.17,0.20148,0.17476,0.18888,0.14109,0.11721,0.15908,0.16969,0.15209,0.12227,0.17399,0.17711,0.17069,0.21836,0.1791,0.17066,0.14897,0.22664,0.16043,0.18181,0.16201,0.17198,0.18285,0.19318,0.14107,0.12149,0.15957,0.17045,0.13309,0.11512,0.1677,0.1727,0.17498,0.22576,0.15862,0.16944,0.14506,0.2061,0.16341,0.17927,0.16222,0.18532,0.17376,0.18488,0.13224,0.12244,0.14735,0.163,0.13889
hsa2101,0.35551,0.3884,0.39157,0.35539,0.33046,0.46094,0.39954,0.26072,0.41416,0.33965,0.34242,0.4021,0.453,0.31843,0.34751,0.4826,0.3971,0.18647,0.31251,0.32179,0.11479,0.18666,0.15841,0.1921,0.20467,0.16857,0.17645,0.12234,0.20847,0.18311,0.18389,0.17757,0.19649,0.18022,0.16935,0.13709,0.11068,0.16421,0.15828,0.14963,0.13608,0.20877,0.18496,0.20405,0.2142,0.17513,0.20579,0.14303,0.21628,0.21698,0.20188,0.20165,0.20348,0.20278,0.17095,0.15299,0.11569,0.16137,0.16422,0.17342,0.13097,0.18609,0.16195,0.18705,0.21844,0.16008,0.17625,0.13627,0.17865,0.16551,0.18573,0.16304,0.19983,0.17442,0.17367,0.12236,0.10891,0.14793,0.17059,0.13823,0.13097,0.18423,0.17782,0.17762,0.21027,0.15231,0.16666,0.13477,0.21874,0.17053,0.1958,0.15463,0.20395,0.19486,0.17938,0.13548,0.1139,0.16906,0.17872,0.15028,0.13106,0.18357,0.19728,0.20156,0.21405,0.17826,0.19539,0.14018,0.21338,0.19263,0.19174,0.18559,0.18898,0.18811,0.17518,0.15379,0.12279,0.1587,0.18699,0.1535,0.11997,0.20148,0.18223,0.20072,0.21966,0.17147,0.18345,0.14367,0.19959,0.1868,0.19472,0.18685,0.19529,0.18531,0.17026,0.13786,0.10495,0.16435,0.19024,0.13928,0.12637,0.17723,0.18137,0.19043,0.21154,0.15677,0.15714,0.13856,0.2069,0.17329,0.1797,0.16956,0.19467,0.19221,0.16948,0.15066,0.11462,0.16369,0.17289,0.13099,0.11993,0.19343,0.17277,0.1913,0.23039,0.15954,0.19087,0.13741,0.2136,0.17998,0.17964,0.18361,0.19378,0.20191,0.19379,0.14268,0.11531,0.17104,0.18714,0.13925,0.12816,0.19409,0.18442,0.20755,0.22833,0.1846,0.20546,0.12838,0.20998,0.18453,0.20046,0.18724,0.21314,0.19346,0.19498,0.15129,0.11747,0.16587,0.18295,0.14717,0.1303,0.18496,0.18712,0.21067,0.21498,0.17291,0.19053,0.13991,0.2115,0.2003,0.20187,0.17778,0.21413,0.20022,0.20124,0.15294,0.11526,0.15969,0.18459,0.1563,0.13216,0.20744,0.18136,0.19741,0.22703,0.18724,0.18105,0.14234,0.21409,0.19401,0.196,0.19909,0.19043,0.18454,0.20708,0.14453,0.11727,0.17381,0.16551,0.162,0.1295,0.20345,0.18747,0.18856,0.23414,0.18054,0.18828,0.14541,0.22203,0.17732,0.18736,0.19486,0.18747,0.1989,0.19836,0.15027,0.11478,0.17447,0.1762,0.13249,0.12184,0.19422,0.18423,0.1949,0.23287,0.18405,0.1989,0.13939,0.19848,0.17716,0.18058,0.18501,0.18526,0.19893,0.20167,0.14781,0.11586,0.17669,0.15629,0.1488
hsa2103,0.37201,0.36914,0.39938,0.35745,0.31136,0.47277,0.40647,0.28593,0.41934,0.30588,0.34371,0.37754,0.43787,0.3067,0.40444,0.52692,0.42104,0.1822,0.30136,0.31228,0.12001,0.16079,0.16131,0.18413,0.19247,0.16512,0.17131,0.14059,0.20356,0.15619,0.17559,0.15761,0.20172,0.16974,0.14378,0.13536,0.10759,0.15279,0.15702,0.13811,0.13004,0.17774,0.16986,0.19122,0.21131,0.17673,0.19688,0.15349,0.21126,0.18947,0.19054,0.17449,0.19069,0.18142,0.16885,0.13754,0.1071,0.17317,0.15511,0.1661,0.1191,0.16375,0.15252,0.17288,0.19876,0.15564,0.17019,0.14249,0.17304,0.15294,0.17699,0.13684,0.19314,0.15867,0.16279,0.12051,0.11083,0.15303,0.15371,0.12632,0.12908,0.16103,0.17769,0.17921,0.21111,0.15225,0.17154,0.15207,0.20617,0.15807,0.18788,0.14076,0.19272,0.17744,0.16677,0.1305,0.1185,0.15747,0.16704,0.14512,0.1294,0.16412,0.17591,0.19737,0.20588,0.17541,0.19872,0.1526,0.19627,0.17091,0.18439,0.16512,0.19862,0.17498,0.16526,0.14951,0.12098,0.16065,0.16813,0.15548,0.11681,0.16934,0.17034,0.19221,0.21398,0.17459,0.18192,0.15374,0.19779,0.17109,0.19494,0.15926,0.1948,0.17218,0.16488,0.13985,0.11182,0.16889,0.18692,0.13927,0.12567,0.15677,0.17211,0.18504,0.19334,0.16416,0.15152,0.15977,0.20049,0.15033,0.18134,0.14905,0.21061,0.18227,0.17426,0.14033,0.11337,0.16641,0.15666,0.12826,0.12549,0.16599,0.1729,0.18247,0.20249,0.16988,0.19208,0.15306,0.20229,0.16233,0.17839,0.16245,0.19874,0.18836,0.1785,0.14015,0.10992,0.16335,0.16883,0.14503,0.12864,0.16795,0.17826,0.19767,0.2127,0.1718,0.19222,0.1428,0.20844,0.16607,0.19401,0.16706,0.20931,0.17573,0.18229,0.14433,0.1175,0.16674,0.1731,0.13983,0.1295,0.1686,0.16537,0.19788,0.18906,0.16925,0.1874,0.1516,0.19973,0.17986,0.19289,0.15661,0.20819,0.18548,0.19782,0.14215,0.11784,0.16747,0.17933,0.14712,0.12061,0.18384,0.17539,0.1919,0.19458,0.17946,0.17305,0.15387,0.20627,0.17607,0.19039,0.16932,0.20872,0.17272,0.1968,0.13629,0.11846,0.1618,0.16361,0.15239,0.12888,0.16716,0.16443,0.19147,0.21971,0.1862,0.193,0.1521,0.2256,0.17424,0.19759,0.17037,0.18876,0.18428,0.1919,0.14241,0.1172,0.17236,0.16089,0.13608,0.12206,0.1606,0.17689,0.18095,0.21895,0.17751,0.18616,0.14924,0.19912,0.16217,0.17781,0.15892,0.1959,0.18271,0.19527,0.14544,0.12305,0.16847,0.17099,0.14247
hsa2104,0.3678,0.37387,0.39509,0.34047,0.32726,0.46304,0.38688,0.26427,0.40717,0.32339,0.35266,0.38341,0.43895,0.31749,0.37647,0.49845,0.40442,0.17299,0.30889,0.31974,0.11163,0.17808,0.16074,0.18272,0.19778,0.16858,0.17256,0.12084,0.20241,0.1901,0.1947,0.17182,0.19446,0.19441,0.14164,0.15474,0.12144,0.14863,0.17129,0.15139,0.13285,0.19311,0.1833,0.20618,0.21887,0.17801,0.195,0.13384,0.20086,0.21809,0.20963,0.19917,0.19497,0.20959,0.14579,0.16377,0.11498,0.15926,0.16512,0.1818,0.12227,0.17527,0.15828,0.18377,0.21219,0.16101,0.17132,0.12743,0.17495,0.17337,0.18567,0.16146,0.18973,0.17367,0.14306,0.12861,0.11085,0.14554,0.16728,0.13866,0.12533,0.16694,0.1799,0.1818,0.21344,0.15179,0.16858,0.13351,0.19789,0.18338,0.19529,0.15233,0.20041,0.18971,0.15976,0.14852,0.13141,0.14096,0.17996,0.15563,0.13261,0.17503,0.19038,0.20263,0.22005,0.16895,0.18896,0.13342,0.19946,0.19995,0.1999,0.18317,0.19425,0.18414,0.16366,0.16469,0.12426,0.14037,0.17815,0.16254,0.12573,0.18848,0.17172,0.19736,0.22752,0.17007,0.18915,0.13422,0.20696,0.19047,0.18484,0.18637,0.19158,0.18172,0.16189,0.14881,0.11291,0.16062,0.19288,0.14372,0.1228,0.17762,0.1795,0.1867,0.20057,0.16768,0.15858,0.13371,0.20165,0.16602,0.17633,0.17257,0.19443,0.18557,0.16114,0.15964,0.12585,0.14951,0.17501,0.14037,0.12228,0.18088,0.17896,0.1818,0.20443,0.16077,0.18032,0.13159,0.2012,0.18274,0.1814,0.17578,0.18865,0.20609,0.16409,0.14636,0.11416,0.14672,0.18212,0.15334,0.12333,0.17992,0.18469,0.20178,0.20812,0.17457,0.18663,0.12162,0.22126,0.18806,0.19806,0.18947,0.19905,0.19058,0.17288,0.16203,0.12477,0.14887,0.18211,0.15009,0.12866,0.17745,0.18001,0.20933,0.1975,0.16909,0.18935,0.12501,0.20446,0.19929,0.19982,0.1732,0.1953,0.20196,0.19176,0.16029,0.12373,0.16232,0.19059,0.16777,0.1219,0.19512,0.17949,0.19372,0.21545,0.19071,0.17833,0.14123,0.19862,0.19195,0.19596,0.18543,0.18527,0.18323,0.18222,0.14373,0.11738,0.15731,0.17378,0.1667,0.12606,0.18747,0.18025,0.18173,0.22172,0.18745,0.1862,0.13726,0.22676,0.19009,0.19572,0.18014,0.1827,0.1955,0.18179,0.1523,0.12336,0.15335,0.1753,0.14183,0.11905,0.18751,0.18253,0.18866,0.21489,0.17682,0.18808,0.13214,0.19659,0.18729,0.18179,0.17738,0.18435,0.19409,0.18101,0.15417,0.12276,0.14848,0.16879,0.15251
hsa2908,0.39294,0.36184,0.41406,0.36109,0.25909,0.45004,0.40249,0.30956,0.37892,0.32233,0.33581,0.39991,0.40181,0.29251,0.38883,0.52297,0.43065,0.15023,0.28588,0.32195,0.10024,0.14839,0.16076,0.18108,0.14564,0.14787,0.16034,0.15188,0.16225,0.18884,0.20287,0.15846,0.18081,0.17727,0.19048,0.13654,0.11544,0.10444,0.1372,0.1603,0.10736,0.15992,0.16832,0.18609,0.15534,0.16668,0.18441,0.15629,0.16741,0.20103,0.20337,0.17235,0.16606,0.17963,0.18002,0.1456,0.10879,0.11474,0.14607,0.16851,0.11213,0.14432,0.16572,0.1774,0.15493,0.16157,0.16511,0.15977,0.15702,0.1869,0.20244,0.14659,0.17102,0.16217,0.18691,0.13683,0.12162,0.10959,0.15322,0.15895,0.10978,0.14903,0.17789,0.17019,0.14912,0.16086,0.17262,0.15809,0.16515,0.18335,0.19808,0.15297,0.17099,0.17523,0.18983,0.14033,0.12172,0.10571,0.14864,0.15987,0.11308,0.15452,0.18455,0.19441,0.15465,0.16044,0.17809,0.1712,0.1661,0.19356,0.20659,0.16751,0.17201,0.17362,0.19912,0.14696,0.11459,0.10892,0.145,0.16474,0.10577,0.15679,0.17822,0.18559,0.15511,0.15566,0.16728,0.16636,0.17107,0.19361,0.20572,0.16721,0.17446,0.16982,0.19335,0.1457,0.10849,0.11665,0.15794,0.15439,0.10641,0.14371,0.17239,0.17116,0.14664,0.15934,0.15578,0.1654,0.16707,0.1681,0.18225,0.15516,0.16807,0.17216,0.20365,0.14852,0.1193,0.11284,0.14248,0.14027,0.1089,0.14626,0.16935,0.18306,0.15921,0.15516,0.17372,0.15755,0.17935,0.1702,0.17629,0.14894,0.16259,0.1782,0.19996,0.14404,0.10969,0.10877,0.15268,0.1433,0.11171,0.15827,0.1781,0.19479,0.16573,0.16609,0.17581,0.16138,0.1876,0.18322,0.19952,0.1641,0.16602,0.18065,0.20931,0.16217,0.12224,0.11417,0.14916,0.15438,0.10567,0.14726,0.16646,0.19289,0.15357,0.16525,0.17596,0.16614,0.18583,0.19763,0.20641,0.16365,0.17356,0.17806,0.20133,0.15171,0.11858,0.11381,0.1534,0.16768,0.11039,0.15353,0.16219,0.18066,0.1633,0.17382,0.17293,0.16944,0.18413,0.18735,0.19561,0.16538,0.17057,0.17682,0.20013,0.1464,0.1192,0.11642,0.14269,0.15473,0.1117,0.15438,0.16611,0.17516,0.17355,0.16631,0.18101,0.16468,0.18113,0.17844,0.1935,0.16444,0.15763,0.17977,0.20445,0.14509,0.11929,0.11854,0.14298,0.1462,0.11126,0.15537,0.17302,0.19005,0.1544,0.16835,0.1777,0.17515,0.17196,0.18272,0.19255,0.15776,0.17354,0.1802,0.19803,0.14983,0.12481,0.11123,0.14531,0.15036
hsa3174,0.35896,0.38318,0.39662,0.34002,0.3431,0.45993,0.39347,0.25518,0.40948,0.34158,0.35026,0.39064,0.46003,0.31507,0.35271,0.47034,0.39589,0.17818,0.30286,0.32656,0.11716,0.18031,0.17027,0.1878,0.19958,0.18556,0.17979,0.13022,0.21713,0.19258,0.18799,0.18047,0.17998,0.1938,0.15455,0.14211,0.12536,0.15072,0.15256,0.14671,0.13975,0.1991,0.19446,0.20117,0.20367,0.18641,0.2117,0.14664,0.20939,0.22601,0.2185,0.20546,0.18114,0.20486,0.18292,0.15861,0.11692,0.16783,0.15006,0.17547,0.13156,0.17917,0.17528,0.18819,0.20571,0.17773,0.16983,0.14631,0.18383,0.17845,0.18854,0.16813,0.18724,0.17603,0.18028,0.13907,0.11499,0.17792,0.15734,0.14061,0.13417,0.17229,0.18436,0.17712,0.2076,0.16168,0.16495,0.16321,0.21127,0.19577,0.19851,0.15645,0.18985,0.19939,0.17419,0.14977,0.12322,0.17283,0.16734,0.15599,0.14195,0.18056,0.2066,0.20313,0.20358,0.18829,0.19718,0.16202,0.19846,0.19401,0.19721,0.1898,0.18563,0.17677,0.16763,0.17264,0.12523,0.16236,0.1755,0.16601,0.1273,0.19488,0.19168,0.18992,0.21577,0.19469,0.19052,0.15539,0.22134,0.2067,0.20378,0.19035,0.20431,0.1764,0.17652,0.16002,0.12152,0.17515,0.18488,0.14625,0.12844,0.17357,0.19105,0.20539,0.21069,0.18815,0.16656,0.15604,0.20341,0.18434,0.19527,0.16386,0.19399,0.19188,0.19164,0.15755,0.12755,0.17849,0.1702,0.1472,0.12593,0.17994,0.19103,0.20515,0.21644,0.19438,0.19542,0.14138,0.2283,0.18448,0.19924,0.17927,0.19437,0.20778,0.18044,0.15618,0.12137,0.17812,0.16899,0.16154,0.1348,0.19445,0.20001,0.20177,0.21372,0.21264,0.2125,0.13996,0.24558,0.19396,0.21442,0.19569,0.19391,0.19768,0.19378,0.17059,0.1339,0.18741,0.17877,0.15341,0.13656,0.19406,0.2038,0.20998,0.21285,0.19468,0.2026,0.14408,0.21284,0.21168,0.22114,0.18753,0.1986,0.21167,0.20389,0.16543,0.12754,0.17464,0.17147,0.17028,0.12753,0.20145,0.20673,0.19494,0.21901,0.20322,0.18117,0.14864,0.22731,0.20837,0.21246,0.18573,0.19952,0.17631,0.21636,0.15318,0.12599,0.18378,0.15553,0.17458,0.13874,0.18122,0.19395,0.19821,0.23375,0.20337,0.20822,0.15062,0.2377,0.1842,0.21129,0.19358,0.1812,0.18603,0.19521,0.15856,0.13387,0.18221,0.15922,0.1552,0.13299,0.18224,0.18869,0.1913,0.22989,0.19538,0.20431,0.14846,0.2149,0.18802,0.20234,0.17754,0.20804,0.19951,0.21031,0.15782,0.13281,0.1775,0.15973,0.14962
hsa367,0.42777,0.36873,0.37112,0.33393,0.2506,0.49431,0.41218,0.32802,0.35996,0.28427,0.31136,0.41485,0.3895,0.26349,0.44692,0.52309,0.42684,0.15523,0.27439,0.30148,0.11245,0.14488,0.12051,0.14926,0.13519,0.16376,0.15057,0.17876,0.16093,0.1496,0.17326,0.14986,0.15059,0.15431,0.20599,0.13072,0.10852,0.1004,0.13119,0.12667,0.12107,0.15251,0.13102,0.16076,0.14425,0.1768,0.16819,0.17267,0.15114,0.15757,0.17657,0.16006,0.14173,0.15705,0.19634,0.13043,0.1021,0.11236,0.13794,0.14019,0.11907,0.13974,0.11892,0.14788,0.13957,0.15621,0.14238,0.17497,0.15275,0.13611,0.17322,0.13402,0.14983,0.14383,0.20696,0.12405,0.11677,0.11352,0.14345,0.12052,0.1181,0.14504,0.12011,0.14657,0.14706,0.16236,0.14531,0.17946,0.1571,0.13316,0.16524,0.12972,0.14677,0.14726,0.21723,0.12321,0.10779,0.1061,0.13857,0.12107,0.12868,0.14823,0.13433,0.15849,0.14781,0.16487,0.1674,0.18126,0.15436,0.15217,0.18036,0.14391,0.15362,0.15769,0.20654,0.13524,0.11782,0.1095,0.14709,0.13501,0.12561,0.15025,0.13104,0.15817,0.14684,0.1738,0.15568,0.1901,0.16145,0.14724,0.17534,0.15298,0.14838,0.15078,0.21723,0.12744,0.11035,0.11044,0.14585,0.12701,0.12229,0.13755,0.1267,0.14863,0.14545,0.16908,0.13609,0.17926,0.14454,0.13091,0.1565,0.14349,0.14871,0.15274,0.21382,0.13109,0.11563,0.10484,0.14145,0.1182,0.12171,0.1417,0.12545,0.15155,0.14659,0.16144,0.15675,0.1785,0.15976,0.13559,0.15976,0.14114,0.14307,0.15607,0.20421,0.12669,0.10928,0.1073,0.14546,0.11848,0.12415,0.15177,0.12869,0.16138,0.15215,0.16279,0.15929,0.17155,0.16009,0.14414,0.17571,0.15113,0.15989,0.15816,0.23428,0.1315,0.11893,0.12002,0.15168,0.12512,0.11958,0.14172,0.12731,0.16513,0.14497,0.16523,0.16342,0.17554,0.15998,0.14855,0.17852,0.1354,0.14982,0.15881,0.21724,0.13293,0.11174,0.11176,0.14563,0.12445,0.12333,0.14652,0.1323,0.15911,0.14859,0.17483,0.15231,0.19348,0.15476,0.14306,0.17793,0.14751,0.15123,0.15531,0.23227,0.13119,0.1126,0.11922,0.14326,0.124,0.12424,0.14626,0.12897,0.1592,0.15663,0.18072,0.16804,0.17411,0.1541,0.13966,0.17747,0.14817,0.14231,0.16147,0.2249,0.13609,0.11472,0.11432,0.14214,0.12143,0.12012,0.15003,0.12764,0.16086,0.15264,0.18037,0.16254,0.19339,0.15734,0.14508,0.17067,0.14225,0.14533,0.16318,0.22968,0.12644,0.11529,0.11297,0.14747,0.12236
hsa4306,0.43802,0.34472,0.41006,0.36397,0.26315,0.43768,0.40303,0.29699,0.3723,0.29848,0.30102,0.38568,0.38222,0.25325,0.40184,0.55958,0.47839,0.14955,0.27504,0.32409,0.10475,0.12751,0.1323,0.1715,0.12552,0.13747,0.1479,0.14668,0.16887,0.16637,0.1632,0.12503,0.1641,0.14818,0.20098,0.12598,0.11811,0.098624,0.13045,0.15535,0.10895,0.1421,0.15225,0.18224,0.14184,0.14771,0.16802,0.15464,0.17486,0.18198,0.16885,0.13732,0.14931,0.15052,0.20432,0.13485,0.11419,0.10343,0.13686,0.1649,0.10329,0.12696,0.14274,0.16256,0.13356,0.12681,0.1444,0.14317,0.16812,0.1522,0.1535,0.11368,0.15136,0.13888,0.19152,0.12762,0.11408,0.098427,0.13839,0.15224,0.10458,0.13292,0.14739,0.16786,0.12699,0.13791,0.1446,0.15283,0.17949,0.14696,0.15014,0.12075,0.14943,0.14946,0.19555,0.12287,0.12081,0.10763,0.14182,0.14686,0.099999,0.13793,0.16135,0.18786,0.12898,0.14274,0.16773,0.14581,0.17094,0.16724,0.16617,0.13399,0.15217,0.1443,0.1968,0.13119,0.11393,0.10018,0.13432,0.15369,0.1059,0.14354,0.15466,0.1796,0.14096,0.15092,0.16659,0.15819,0.18408,0.17094,0.17148,0.13365,0.16061,0.14061,0.20985,0.12542,0.10865,0.10517,0.13862,0.15642,0.10957,0.12512,0.15117,0.17596,0.13154,0.13821,0.14098,0.15128,0.17998,0.15504,0.154,0.12211,0.15756,0.14888,0.2036,0.13297,0.12228,0.1001,0.13311,0.14766,0.10472,0.13061,0.15511,0.17417,0.13113,0.13626,0.16035,0.14344,0.18531,0.1546,0.15279,0.12748,0.14697,0.14766,0.19549,0.13232,0.11269,0.10491,0.13991,0.14468,0.10811,0.13635,0.15064,0.18519,0.14452,0.14367,0.16775,0.13928,0.17826,0.16164,0.155,0.13282,0.15476,0.14195,0.19,0.13376,0.1226,0.10554,0.13673,0.15083,0.10517,0.13313,0.1451,0.18225,0.13237,0.13792,0.15336,0.14987,0.18182,0.17352,0.16965,0.1284,0.16205,0.14574,0.21289,0.14272,0.1164,0.10516,0.13661,0.15716,0.10802,0.13529,0.14479,0.17849,0.1333,0.14261,0.14928,0.15112,0.17921,0.16383,0.16129,0.12942,0.16049,0.1424,0.20314,0.13402,0.11186,0.10921,0.13252,0.156,0.10608,0.13078,0.1471,0.16131,0.14229,0.14388,0.16254,0.14909,0.16539,0.15941,0.15442,0.1317,0.1439,0.14967,0.19028,0.1217,0.11,0.11061,0.13452,0.14727,0.10411,0.13595,0.14513,0.18033,0.13615,0.14734,0.16612,0.15278,0.17593,0.15904,0.15589,0.13259,0.14478,0.15274,0.20562,0.12846,0.11574,0.10402,0.13283,0.1532
hsa5241,0.48376,0.39118,0.33774,0.35653,0.27899,0.50272,0.44769,0.379,0.37339,0.27362,0.31995,0.40528,0.36054,0.25993,0.60426,0.56571,0.47405,0.16728,0.2689,0.32175,0.094611,0.13784,0.10646,0.13766,0.16241,0.12984,0.12828,0.13525,0.15219,0.11354,0.13668,0.12229,0.12238,0.1344,0.10589,0.097796,0.096294,0.13734,0.10946,0.11549,0.10276,0.14491,0.11044,0.1417,0.17075,0.13284,0.1464,0.13029,0.1585,0.12514,0.15465,0.13368,0.12513,0.12704,0.11056,0.10269,0.095381,0.13332,0.1081,0.12123,0.095818,0.13107,0.10107,0.12942,0.15764,0.12393,0.12322,0.1286,0.15141,0.10046,0.14291,0.11559,0.11926,0.12225,0.10908,0.092723,0.097522,0.131,0.10704,0.11068,0.097789,0.13971,0.10533,0.12679,0.17141,0.13125,0.12988,0.14068,0.15354,0.10896,0.14,0.11501,0.12364,0.1264,0.11455,0.095949,0.096093,0.13376,0.11642,0.11785,0.095144,0.13284,0.11991,0.14275,0.16552,0.13086,0.14109,0.13972,0.16072,0.11979,0.14846,0.12735,0.12418,0.12458,0.10698,0.098595,0.09539,0.12864,0.1122,0.1208,0.093149,0.13882,0.11014,0.14497,0.16844,0.13476,0.13647,0.12332,0.1574,0.11778,0.15424,0.12479,0.13424,0.12908,0.11228,0.099216,0.090065,0.13129,0.12009,0.11302,0.095734,0.12959,0.11173,0.13598,0.17409,0.13612,0.12642,0.13443,0.15269,0.1053,0.13253,0.11538,0.12319,0.12401,0.11509,0.10122,0.096533,0.14299,0.11321,0.10483,0.098271,0.13369,0.10718,0.13481,0.16352,0.12323,0.1356,0.13063,0.16541,0.11044,0.1323,0.11918,0.11772,0.13385,0.11656,0.097487,0.093106,0.14192,0.12606,0.10732,0.096472,0.1385,0.10575,0.14453,0.18268,0.1354,0.14129,0.12274,0.15512,0.11483,0.14141,0.12872,0.12374,0.13024,0.11949,0.10076,0.10044,0.13413,0.12028,0.1153,0.096137,0.13698,0.11032,0.14698,0.16982,0.1294,0.12989,0.12995,0.16107,0.12132,0.15647,0.11626,0.1344,0.13081,0.12511,0.10272,0.092806,0.13497,0.11778,0.11859,0.0971,0.13991,0.11165,0.13511,0.17702,0.13887,0.13135,0.13492,0.1639,0.11561,0.15401,0.12078,0.1298,0.1336,0.12092,0.10487,0.098716,0.14485,0.1171,0.11651,0.099135,0.13724,0.10702,0.1378,0.1772,0.14305,0.13795,0.13177,0.16455,0.11335,0.14634,0.12834,0.11809,0.13251,0.12705,0.10014,0.094369,0.14003,0.11666,0.11104,0.095453,0.14492,0.11312,0.13673,0.16973,0.14407,0.14206,0.13852,0.16034,0.11533,0.1421,0.12728,0.11776,0.13235,0.12869,0.10382,0.092593,0.14728,0.11846,0.11193
hsa5465,0.37251,0.37454,0.39393,0.35329,0.3186,0.47059,0.3914,0.27128,0.40948,0.33976,0.37048,0.37605,0.45614,0.3205,0.40832,0.49905,0.39804,0.19355,0.3208,0.32392,0.11447,0.1655,0.15231,0.18704,0.19178,0.1517,0.16681,0.13165,0.18632,0.17157,0.17507,0.15293,0.18863,0.16965,0.13771,0.12039,0.11637,0.14145,0.15654,0.14327,0.13498,0.19447,0.17194,0.18998,0.21372,0.17602,0.19594,0.13526,0.19652,0.20368,0.2061,0.17648,0.1943,0.19683,0.14188,0.1319,0.11662,0.14746,0.1592,0.17238,0.11955,0.15011,0.16375,0.18177,0.20214,0.14093,0.15379,0.12867,0.16988,0.16517,0.1683,0.13744,0.19427,0.16519,0.13805,0.11127,0.11531,0.14389,0.15699,0.13782,0.12591,0.1647,0.17274,0.1582,0.21576,0.14701,0.15653,0.1318,0.18666,0.17101,0.1892,0.13555,0.18499,0.17301,0.15257,0.12593,0.11335,0.15456,0.16297,0.14393,0.12413,0.1618,0.18229,0.19088,0.20847,0.17178,0.18312,0.12834,0.20396,0.19968,0.19324,0.16749,0.1875,0.17401,0.14289,0.13307,0.12017,0.15307,0.16743,0.15595,0.11811,0.17428,0.17139,0.19412,0.2188,0.16186,0.17448,0.14141,0.19899,0.17979,0.18883,0.16557,0.19136,0.18268,0.15014,0.1291,0.10608,0.15997,0.17462,0.14317,0.11787,0.16422,0.16533,0.17271,0.18945,0.14327,0.13719,0.13794,0.20021,0.16741,0.17417,0.14057,0.18721,0.18396,0.14176,0.13081,0.11009,0.14925,0.16337,0.14367,0.1198,0.18121,0.16299,0.17517,0.19937,0.16986,0.18181,0.12966,0.20781,0.17066,0.17222,0.1715,0.18316,0.18068,0.1518,0.13271,0.10799,0.15376,0.17014,0.13778,0.12158,0.19032,0.1758,0.1948,0.22217,0.18038,0.18171,0.12638,0.20404,0.17489,0.19164,0.17181,0.20253,0.18387,0.15315,0.12634,0.11977,0.15111,0.17395,0.14032,0.11772,0.1654,0.1743,0.19685,0.21262,0.15823,0.17735,0.13317,0.19891,0.19068,0.20414,0.15193,0.18006,0.19854,0.17365,0.13485,0.11726,0.15817,0.17269,0.15669,0.12674,0.18506,0.1711,0.17726,0.21683,0.18291,0.16688,0.1436,0.18562,0.18755,0.18921,0.17677,0.19461,0.18962,0.1762,0.12938,0.11471,0.16528,0.16197,0.15702,0.12008,0.19428,0.17455,0.18594,0.22065,0.18551,0.17564,0.14041,0.20487,0.17865,0.19356,0.17293,0.18965,0.17945,0.17792,0.13077,0.11554,0.16359,0.16865,0.14801,0.11739,0.18007,0.17301,0.173,0.215,0.16318,0.18033,0.12936,0.20275,0.17319,0.18963,0.17739,0.16131,0.17904,0.17314,0.12514,0.11706,0.16364,0.16047,0.14452
hsa5468,0.36324,0.37049,0.40418,0.36018,0.32349,0.45645,0.39241,0.28899,0.42703,0.32805,0.35701,0.37783,0.46223,0.32294,0.41017,0.5116,0.41196,0.19271,0.33655,0.31776,0.11102,0.16238,0.16565,0.19419,0.18314,0.1575,0.1605,0.13387,0.17712,0.18365,0.19058,0.15635,0.1928,0.18674,0.14417,0.13833,0.114,0.13535,0.16126,0.1449,0.12323,0.17821,0.17814,0.1958,0.20956,0.17943,0.19807,0.13695,0.18471,0.1999,0.20484,0.18264,0.18915,0.1976,0.15499,0.1439,0.11083,0.15676,0.17041,0.16098,0.1188,0.1483,0.15376,0.18304,0.20221,0.14916,0.15579,0.12846,0.16653,0.15814,0.18038,0.13921,0.1852,0.1744,0.14301,0.12087,0.11213,0.16201,0.16612,0.13599,0.11892,0.15917,0.17873,0.17142,0.20953,0.14529,0.14369,0.13043,0.18267,0.16627,0.19082,0.1336,0.19696,0.19079,0.15811,0.12725,0.11073,0.15099,0.16515,0.14076,0.11848,0.15869,0.17297,0.20343,0.19804,0.17463,0.1807,0.13041,0.19529,0.18918,0.19578,0.17093,0.19107,0.18108,0.1544,0.14067,0.11927,0.14954,0.172,0.15346,0.11404,0.17226,0.16887,0.20829,0.20084,0.1711,0.16958,0.13471,0.19538,0.18457,0.19822,0.16697,0.19049,0.20164,0.14475,0.14067,0.10555,0.14945,0.18579,0.14025,0.11601,0.15725,0.1741,0.17896,0.18979,0.16959,0.13478,0.13984,0.18756,0.15128,0.18064,0.14539,0.1835,0.18208,0.16137,0.1335,0.11932,0.14739,0.16444,0.12544,0.11369,0.17338,0.1731,0.17461,0.20353,0.17,0.16772,0.13506,0.20695,0.16753,0.17887,0.16617,0.1975,0.19193,0.16937,0.13426,0.11301,0.15384,0.16642,0.13897,0.11878,0.18294,0.17719,0.19758,0.21311,0.18252,0.17831,0.12065,0.19944,0.17362,0.1924,0.1676,0.20037,0.19143,0.15564,0.14011,0.11915,0.14961,0.18445,0.13613,0.11862,0.16492,0.18369,0.20225,0.19827,0.16529,0.17177,0.14006,0.1937,0.19609,0.19646,0.15264,0.18439,0.19073,0.18361,0.13783,0.11862,0.16065,0.17795,0.15035,0.11792,0.18516,0.17826,0.17486,0.21098,0.18733,0.15174,0.13849,0.1686,0.17353,0.19486,0.17403,0.1903,0.19797,0.18156,0.13106,0.11835,0.16819,0.17523,0.1448,0.11505,0.18095,0.17593,0.19162,0.22279,0.18598,0.17549,0.13674,0.20262,0.1795,0.2011,0.16568,0.1865,0.18328,0.17503,0.13288,0.10869,0.16284,0.17287,0.14407,0.10986,0.16997,0.16884,0.18258,0.21293,0.1684,0.17574,0.13854,0.19968,0.16867,0.18864,0.1665,0.1742,0.17455,0.1685,0.13598,0.11921,0.15815,0.16534,0.13888
hsa5914,0.37482,0.37769,0.39706,0.35517,0.33212,0.46056,0.38744,0.28435,0.41798,0.30842,0.34462,0.37724,0.4482,0.30443,0.39213,0.51395,0.40563,0.18692,0.30005,0.31432,0.11787,0.17044,0.16782,0.18217,0.1917,0.16701,0.1701,0.13051,0.20183,0.16611,0.18298,0.16718,0.18872,0.18883,0.15968,0.13595,0.12649,0.15514,0.1465,0.14541,0.13671,0.19471,0.17846,0.19133,0.19904,0.17739,0.1957,0.13421,0.211,0.19179,0.20141,0.1846,0.18204,0.19804,0.16583,0.14539,0.116,0.16221,0.14403,0.16984,0.1235,0.15878,0.1545,0.16718,0.19291,0.15383,0.15249,0.13047,0.1795,0.15108,0.18214,0.1466,0.18072,0.1803,0.18314,0.12122,0.1219,0.17922,0.15608,0.13515,0.13051,0.16536,0.18537,0.16889,0.20369,0.15685,0.14876,0.14326,0.1972,0.16855,0.18813,0.1411,0.18034,0.19163,0.17355,0.12734,0.12947,0.1897,0.15825,0.13986,0.13146,0.17032,0.18695,0.1922,0.20014,0.17857,0.19317,0.13696,0.1927,0.18491,0.1964,0.17367,0.19163,0.1786,0.17665,0.15303,0.12476,0.17291,0.16623,0.15796,0.1144,0.17849,0.16625,0.18733,0.21565,0.16131,0.17062,0.13983,0.20795,0.17517,0.19262,0.18274,0.18314,0.17307,0.16986,0.1419,0.11484,0.17201,0.16867,0.12872,0.12542,0.16653,0.1826,0.18253,0.21713,0.1629,0.14988,0.14227,0.20196,0.1683,0.18536,0.15872,0.18824,0.19416,0.17241,0.14711,0.12687,0.16982,0.16257,0.13926,0.12485,0.18203,0.17646,0.1828,0.21344,0.16693,0.17927,0.13068,0.21545,0.17422,0.17988,0.17124,0.18124,0.20251,0.17427,0.14114,0.11664,0.16621,0.1734,0.14558,0.12358,0.1842,0.18067,0.19381,0.22505,0.18414,0.18436,0.12975,0.21336,0.16513,0.20677,0.18376,0.18828,0.19448,0.19104,0.15026,0.1345,0.17285,0.17222,0.14522,0.12538,0.17722,0.17374,0.1935,0.21608,0.17379,0.17862,0.13836,0.19084,0.18747,0.19757,0.16971,0.19214,0.19618,0.20219,0.14508,0.12664,0.18187,0.17006,0.15501,0.12577,0.19357,0.17279,0.1866,0.21516,0.18954,0.16568,0.155,0.20089,0.1889,0.20288,0.18354,0.19205,0.19548,0.19824,0.14361,0.13372,0.17894,0.16102,0.15867,0.12342,0.18259,0.18817,0.19113,0.22211,0.18694,0.18952,0.14519,0.22388,0.17573,0.20023,0.18138,0.18244,0.19255,0.19366,0.15309,0.12656,0.17175,0.1623,0.14662,0.12007,0.17251,0.17414,0.19542,0.22462,0.1783,0.18732,0.15218,0.19399,0.17141,0.18678,0.17579,0.18581,0.18872,0.21138,0.14152,0.13173,0.18119,0.15767,0.14258
hsa5915,0.3761,0.38414,0.40056,0.35981,0.31676,0.46375,0.38718,0.27869,0.40793,0.32428,0.34321,0.38793,0.44667,0.303,0.38376,0.49775,0.39741,0.17724,0.30733,0.31908,0.12459,0.17921,0.1617,0.17999,0.19898,0.17147,0.16765,0.14327,0.20121,0.1757,0.18231,0.1667,0.18593,0.18436,0.16909,0.12753,0.11754,0.14733,0.1594,0.13998,0.14354,0.19942,0.17242,0.18781,0.21076,0.18032,0.20019,0.14557,0.20266,0.20868,0.20686,0.18143,0.19595,0.19514,0.16429,0.13307,0.10886,0.15648,0.15668,0.17022,0.12817,0.16734,0.15977,0.1557,0.20322,0.15799,0.15211,0.14177,0.17371,0.15439,0.17404,0.14986,0.17646,0.17351,0.1696,0.1179,0.11486,0.15506,0.16564,0.13121,0.14255,0.17683,0.17076,0.16979,0.20236,0.15866,0.15677,0.14707,0.20789,0.16768,0.19066,0.14047,0.18135,0.18277,0.17251,0.12854,0.11263,0.15959,0.1674,0.1464,0.13078,0.1734,0.18132,0.18779,0.21227,0.18222,0.19043,0.14144,0.20696,0.18519,0.18976,0.17068,0.18552,0.16995,0.17184,0.14327,0.11723,0.15648,0.17053,0.14424,0.11903,0.1926,0.16717,0.19041,0.21508,0.17267,0.17432,0.14529,0.20251,0.17776,0.19403,0.17732,0.18942,0.1737,0.16199,0.14142,0.11032,0.1588,0.18638,0.13105,0.13142,0.17301,0.17816,0.17889,0.21731,0.17329,0.15097,0.15283,0.2161,0.16486,0.18781,0.16417,0.18385,0.19094,0.17624,0.1432,0.11937,0.157,0.16601,0.1379,0.13269,0.1869,0.17618,0.1735,0.21301,0.17532,0.17497,0.13797,0.2218,0.17505,0.17519,0.17221,0.17828,0.19261,0.18159,0.13063,0.11044,0.16788,0.17314,0.14038,0.13378,0.19788,0.17259,0.18836,0.22731,0.18478,0.19034,0.13306,0.21527,0.17757,0.20186,0.1785,0.19358,0.17636,0.18733,0.14015,0.1166,0.16704,0.16949,0.13983,0.13067,0.18417,0.18412,0.18909,0.20771,0.17097,0.18191,0.13809,0.2071,0.18659,0.20571,0.16875,0.19901,0.18694,0.19425,0.13582,0.11898,0.16375,0.18072,0.14596,0.13012,0.20304,0.17678,0.18022,0.21369,0.18997,0.16742,0.15316,0.20236,0.18773,0.20108,0.18659,0.19933,0.1797,0.20408,0.13167,0.11168,0.17264,0.16533,0.15854,0.13501,0.19751,0.18281,0.18666,0.23041,0.18927,0.19606,0.14536,0.21982,0.18817,0.20779,0.17166,0.18171,0.19304,0.19515,0.14611,0.12278,0.15807,0.16176,0.13859,0.12373,0.1823,0.17731,0.17585,0.23273,0.18923,0.1827,0.15034,0.19536,0.1768,0.18636,0.17524,0.17823,0.18216,0.2001,0.1346,0.12201,0.15168,0.16644,0.14338
hsa5916,0.37347,0.36979,0.39488,0.3519,0.33683,0.4606,0.38631,0.28258,0.44141,0.31268,0.34596,0.3855,0.44181,0.31013,0.39192,0.50121,0.40299,0.18084,0.29976,0.31598,0.12249,0.17073,0.16131,0.18629,0.20968,0.18214,0.16971,0.13189,0.19364,0.16679,0.18516,0.16994,0.19536,0.19202,0.15579,0.13063,0.12002,0.14403,0.14982,0.14333,0.13638,0.19972,0.17643,0.20149,0.20608,0.18236,0.201,0.13102,0.20139,0.19656,0.20044,0.19179,0.19885,0.20493,0.15842,0.13576,0.1052,0.15878,0.14808,0.16749,0.12376,0.16765,0.15598,0.16988,0.19438,0.1554,0.15862,0.12931,0.17912,0.1549,0.18378,0.15555,0.19621,0.18087,0.16583,0.12327,0.11512,0.15437,0.15518,0.12955,0.13665,0.1708,0.18264,0.17575,0.20206,0.15858,0.16682,0.13898,0.20034,0.17024,0.19752,0.14973,0.19744,0.1967,0.17399,0.12728,0.1125,0.15566,0.15946,0.14343,0.13018,0.16975,0.18441,0.19742,0.2094,0.18521,0.2043,0.12847,0.19345,0.18425,0.18411,0.17775,0.18667,0.18387,0.17004,0.15093,0.11978,0.1493,0.16106,0.15807,0.11551,0.1783,0.16974,0.20001,0.21952,0.1667,0.17741,0.14142,0.20766,0.17653,0.19291,0.1883,0.19769,0.18561,0.16513,0.13727,0.10672,0.15209,0.16468,0.13841,0.13111,0.15778,0.17346,0.18905,0.20973,0.16363,0.1584,0.14355,0.20732,0.16337,0.1848,0.1612,0.19085,0.20114,0.17331,0.14014,0.11687,0.16986,0.16508,0.13642,0.12613,0.18072,0.16723,0.182,0.22571,0.17429,0.18167,0.13287,0.22394,0.17246,0.17275,0.17464,0.17965,0.20514,0.18596,0.13077,0.10598,0.15745,0.16919,0.14669,0.12668,0.19127,0.17962,0.19982,0.22743,0.18694,0.19718,0.12135,0.2092,0.1666,0.19409,0.18581,0.2021,0.20224,0.19542,0.14227,0.11869,0.16879,0.16696,0.14511,0.12832,0.18323,0.17591,0.20763,0.21424,0.1794,0.18953,0.13461,0.2077,0.1868,0.20338,0.17612,0.21184,0.19992,0.19395,0.13981,0.10827,0.16008,0.16831,0.15628,0.12207,0.1926,0.17575,0.18663,0.21899,0.18282,0.17186,0.14405,0.20336,0.18817,0.19952,0.18558,0.20544,0.1906,0.19238,0.1376,0.1085,0.17441,0.16351,0.15662,0.132,0.18438,0.18797,0.19614,0.22997,0.18765,0.19645,0.14531,0.22456,0.17398,0.2011,0.18541,0.19031,0.19236,0.18466,0.14497,0.12307,0.17397,0.16221,0.13738,0.12059,0.17638,0.1787,0.19838,0.2236,0.19065,0.19067,0.13985,0.21258,0.17345,0.17557,0.17535,0.18807,0.19353,0.19485,0.13504,0.12565,0.16352,0.17128,0.14259
hsa6095,0.38418,0.40149,0.39576,0.35548,0.31292,0.47875,0.4161,0.28631,0.42617,0.3265,0.37416,0.39298,0.46251,0.30967,0.42402,0.50907,0.4088,0.18878,0.32559,0.3304,0.11631,0.16908,0.1525,0.17034,0.19236,0.16893,0.16608,0.12005,0.19744,0.15268,0.16853,0.14729,0.18234,0.17051,0.1341,0.12702,0.10581,0.14724,0.13672,0.13573,0.12703,0.18818,0.15952,0.17631,0.2139,0.17154,0.17163,0.13816,0.18842,0.17869,0.19106,0.16677,0.17766,0.18288,0.15577,0.12786,0.10127,0.14795,0.15525,0.15329,0.11932,0.14956,0.13538,0.17471,0.19258,0.15588,0.1534,0.12881,0.17166,0.14331,0.16761,0.12779,0.17965,0.15883,0.15033,0.12192,0.10998,0.1555,0.15226,0.13291,0.12551,0.15892,0.15939,0.15775,0.1922,0.14613,0.1478,0.13418,0.18153,0.14964,0.16566,0.12942,0.17722,0.16104,0.16021,0.114,0.10335,0.16023,0.13526,0.13775,0.11777,0.16732,0.16434,0.19022,0.1837,0.16789,0.17772,0.12981,0.19528,0.17358,0.16936,0.15404,0.17806,0.16526,0.15832,0.13776,0.11145,0.15822,0.14231,0.13858,0.11132,0.17285,0.16132,0.17891,0.20325,0.16278,0.17395,0.13383,0.18077,0.16317,0.18165,0.152,0.18345,0.1762,0.15924,0.12533,0.10365,0.1532,0.15611,0.13175,0.11509,0.16428,0.156,0.17095,0.19093,0.15592,0.15196,0.13247,0.19134,0.14789,0.163,0.14383,0.18259,0.17406,0.1577,0.13332,0.11373,0.15387,0.14277,0.13076,0.11991,0.171,0.15708,0.16594,0.20385,0.15588,0.16179,0.13296,0.2031,0.1608,0.15852,0.15317,0.18107,0.18004,0.16095,0.12477,0.10443,0.14536,0.16308,0.12374,0.11842,0.17764,0.17482,0.18234,0.21093,0.17304,0.17241,0.11755,0.19265,0.16176,0.17888,0.14896,0.18331,0.17128,0.16857,0.12874,0.11312,0.15125,0.15064,0.12784,0.11336,0.16122,0.16098,0.18565,0.18853,0.15776,0.16752,0.12028,0.17445,0.17482,0.1801,0.13584,0.19518,0.17195,0.16832,0.12815,0.11101,0.16004,0.15519,0.14514,0.11861,0.18147,0.16262,0.16224,0.20024,0.18455,0.14643,0.13842,0.18688,0.16492,0.18482,0.16255,0.16997,0.16675,0.16491,0.12663,0.11414,0.16894,0.14187,0.13582,0.11991,0.1748,0.16872,0.1767,0.21585,0.17818,0.17611,0.13011,0.19866,0.15954,0.17611,0.1536,0.17956,0.17647,0.17412,0.12898,0.11443,0.1627,0.14499,0.13088,0.10983,0.17341,0.16884,0.1697,0.19735,0.16999,0.17238,0.12497,0.19239,0.15193,0.15766,0.1551,0.1694,0.16504,0.1697,0.12584,0.12049,0.16805,0.14968,0.13406
hsa6096,0.38609,0.41899,0.40944,0.36155,0.34353,0.48783,0.42148,0.26098,0.41193,0.34151,0.37251,0.40654,0.46199,0.31792,0.36946,0.47525,0.40168,0.18617,0.30845,0.33724,0.11843,0.16867,0.14995,0.16933,0.21472,0.16136,0.16966,0.12505,0.19903,0.1741,0.17126,0.16073,0.17099,0.18706,0.14199,0.12554,0.11639,0.15077,0.1549,0.1427,0.13725,0.20254,0.16703,0.1782,0.21823,0.1682,0.197,0.13666,0.19916,0.20999,0.19279,0.1812,0.17566,0.19384,0.15638,0.12774,0.11259,0.17338,0.15888,0.17025,0.122,0.15288,0.15032,0.16392,0.21559,0.14028,0.15673,0.12474,0.16318,0.16431,0.16418,0.14163,0.17048,0.17148,0.14787,0.1143,0.11987,0.1603,0.16593,0.13575,0.13132,0.17007,0.16729,0.15903,0.22134,0.14239,0.15094,0.13006,0.18206,0.16691,0.17059,0.14647,0.17085,0.16892,0.16453,0.11497,0.11623,0.15644,0.14863,0.14918,0.13271,0.18274,0.17701,0.18298,0.21108,0.15904,0.17782,0.12526,0.20535,0.19424,0.18784,0.17807,0.18786,0.17846,0.1633,0.13959,0.12674,0.16228,0.16656,0.1591,0.11349,0.18581,0.16244,0.18249,0.23115,0.1637,0.17444,0.13695,0.20702,0.18967,0.18227,0.17176,0.1822,0.18361,0.16502,0.12915,0.10772,0.16149,0.16611,0.1404,0.11824,0.17248,0.16643,0.16989,0.22786,0.15175,0.15122,0.12653,0.1955,0.16125,0.17598,0.1501,0.17427,0.19166,0.15915,0.13717,0.11906,0.15141,0.17016,0.13893,0.12082,0.17659,0.16305,0.16529,0.23271,0.15666,0.17217,0.13044,0.21326,0.17597,0.1792,0.17141,0.18081,0.18196,0.15803,0.12972,0.10965,0.15919,0.17208,0.13854,0.127,0.1893,0.16746,0.17902,0.24266,0.16705,0.18358,0.11768,0.21376,0.18621,0.18699,0.17429,0.19178,0.18033,0.1621,0.12994,0.12565,0.16718,0.17427,0.14915,0.12106,0.18143,0.17507,0.17764,0.21826,0.15432,0.184,0.11835,0.1987,0.19351,0.19428,0.16056,0.17929,0.18908,0.167,0.12688,0.12161,0.1497,0.17153,0.1629,0.1298,0.18557,0.1662,0.17031,0.23327,0.17803,0.15764,0.13342,0.19158,0.18325,0.19806,0.17899,0.17336,0.17052,0.16465,0.1258,0.11704,0.16979,0.1496,0.14872,0.12924,0.18273,0.17376,0.16729,0.24592,0.16921,0.17191,0.13831,0.22598,0.1786,0.18952,0.17671,0.17973,0.18446,0.17865,0.12557,0.1226,0.15877,0.16518,0.14129,0.11994,0.18005,0.17126,0.16887,0.2333,0.15273,0.18232,0.13254,0.19315,0.1724,0.17437,0.17208,0.16562,0.1707,0.1631,0.12412,0.12363,0.16196,0.16266,0.14844
hsa6097,0.38474,0.41703,0.40433,0.35878,0.33819,0.482,0.42814,0.27888,0.41553,0.3433,0.36763,0.41626,0.47279,0.30577,0.40219,0.49182,0.40106,0.17569,0.32673,0.33479,0.10984,0.16727,0.13889,0.16771,0.21436,0.16756,0.14784,0.12909,0.2066,0.15957,0.1697,0.16209,0.18341,0.17909,0.13735,0.12733,0.1184,0.15502,0.17288,0.14312,0.12347,0.18729,0.15696,0.17835,0.22124,0.17123,0.17774,0.13662,0.18736,0.19017,0.19689,0.18179,0.17201,0.19118,0.14971,0.12332,0.1045,0.15014,0.1643,0.16538,0.11848,0.15637,0.13371,0.15864,0.21555,0.14749,0.14725,0.13395,0.1772,0.15363,0.16849,0.14006,0.16276,0.16136,0.14971,0.11645,0.11258,0.16579,0.17484,0.13322,0.1187,0.16738,0.14861,0.15797,0.24296,0.14734,0.14211,0.12824,0.19251,0.16627,0.1743,0.13949,0.18164,0.1644,0.15986,0.1214,0.1174,0.13946,0.17599,0.1435,0.11903,0.17655,0.15912,0.18122,0.22754,0.16586,0.16784,0.13097,0.21386,0.17284,0.18588,0.16321,0.18121,0.1711,0.16453,0.13331,0.11737,0.14995,0.16633,0.14922,0.10678,0.18473,0.15444,0.1806,0.2277,0.1672,0.16536,0.12945,0.19054,0.16763,0.1729,0.16539,0.17347,0.18033,0.16028,0.12592,0.11266,0.15578,0.16453,0.13482,0.10508,0.16193,0.14659,0.17152,0.22712,0.15505,0.14031,0.13125,0.19965,0.15943,0.17536,0.14976,0.18596,0.18793,0.16978,0.13047,0.11313,0.15906,0.16662,0.13944,0.10911,0.17622,0.14456,0.16319,0.23597,0.16029,0.16133,0.12742,0.19907,0.15723,0.16702,0.15561,0.18536,0.18079,0.16461,0.12512,0.11418,0.14572,0.17909,0.13375,0.11554,0.18612,0.15335,0.17462,0.24397,0.16852,0.17106,0.11372,0.20079,0.16634,0.17462,0.16453,0.17914,0.18201,0.16826,0.12748,0.12472,0.16059,0.17522,0.13852,0.11654,0.1794,0.15991,0.1806,0.22544,0.15662,0.15194,0.12765,0.20113,0.1822,0.19323,0.15269,0.18233,0.18257,0.17839,0.12832,0.11663,0.14236,0.18372,0.15475,0.11482,0.1847,0.15022,0.15199,0.24021,0.17661,0.14537,0.14183,0.19622,0.17464,0.19684,0.16772,0.17233,0.17714,0.17956,0.1313,0.1127,0.16309,0.17845,0.15105,0.114,0.18618,0.14728,0.16453,0.25301,0.16994,0.16028,0.12927,0.2085,0.16122,0.18209,0.16942,0.178,0.17415,0.18904,0.12937,0.11922,0.15728,0.17486,0.13165,0.12028,0.17534,0.15379,0.1725,0.21894,0.15797,0.16311,0.13725,0.19562,0.15707,0.16977,0.15565,0.17734,0.16503,0.18716,0.1261,0.11991,0.1494,0.16104,0.13853
hsa6256,0.35982,0.3583,0.38835,0.33874,0.32517,0.45497,0.37713,0.28166,0.42606,0.32527,0.34171,0.35636,0.44181,0.32424,0.39666,0.50481,0.39662,0.19774,0.33228,0.31243,0.11544,0.1661,0.16007,0.19463,0.19783,0.18247,0.1644,0.1301,0.21332,0.18412,0.1853,0.17128,0.20524,0.18147,0.15249,0.14278,0.12797,0.1629,0.1759,0.14694,0.14354,0.20219,0.1836,0.19913,0.20741,0.18867,0.19561,0.1364,0.22048,0.21674,0.20973,0.19603,0.18843,0.21477,0.17457,0.14689,0.12017,0.18936,0.19965,0.17127,0.13299,0.17281,0.17237,0.18106,0.19792,0.17516,0.17289,0.12871,0.20115,0.17018,0.18703,0.1513,0.20963,0.17544,0.16346,0.12718,0.11866,0.17879,0.19874,0.14137,0.13443,0.16732,0.18142,0.17584,0.20327,0.16132,0.15734,0.15032,0.20662,0.17974,0.19303,0.14918,0.20237,0.17929,0.15748,0.13166,0.12133,0.17598,0.19569,0.15115,0.13347,0.1703,0.19468,0.20089,0.20535,0.19818,0.19247,0.14088,0.21667,0.19416,0.19743,0.1785,0.19662,0.18168,0.16933,0.15236,0.12772,0.18875,0.19434,0.15879,0.12043,0.19204,0.18189,0.19322,0.21949,0.18517,0.18233,0.1454,0.21619,0.19436,0.19375,0.18536,0.19972,0.1886,0.15929,0.13855,0.11836,0.18353,0.20798,0.14244,0.13226,0.17737,0.18413,0.19225,0.20396,0.17736,0.16128,0.15383,0.20521,0.17384,0.1837,0.16172,0.19938,0.18935,0.16681,0.14536,0.13022,0.17749,0.18077,0.14118,0.12987,0.17379,0.17973,0.18021,0.20561,0.17644,0.1752,0.14023,0.23608,0.18457,0.1832,0.17195,0.2035,0.19338,0.17136,0.1457,0.12263,0.1715,0.19302,0.14993,0.12981,0.19118,0.18886,0.20305,0.23218,0.19657,0.18906,0.13283,0.23026,0.19263,0.19344,0.18529,0.20811,0.1924,0.17162,0.14309,0.12919,0.19343,0.2018,0.14029,0.13471,0.19,0.187,0.19762,0.21736,0.17918,0.18332,0.14022,0.22221,0.20049,0.21138,0.17509,0.20706,0.19898,0.19027,0.14881,0.11993,0.18103,0.20312,0.15999,0.13367,0.2031,0.1879,0.18528,0.21884,0.19676,0.16889,0.13539,0.22129,0.2047,0.20147,0.18101,0.21029,0.19118,0.196,0.14837,0.12232,0.20239,0.19682,0.17091,0.12982,0.18431,0.17928,0.18635,0.21635,0.19619,0.18741,0.14197,0.23415,0.19209,0.20094,0.18237,0.18121,0.1882,0.18462,0.15213,0.12901,0.18871,0.1866,0.14819,0.12774,0.17997,0.17753,0.18466,0.2352,0.20007,0.1857,0.13516,0.20781,0.18232,0.17855,0.17703,0.20568,0.18688,0.17796,0.1424,0.12088,0.19177,0.18525,0.14797
hsa6257,0.39631,0.36148,0.36332,0.3314,0.31519,0.47568,0.37704,0.2879,0.42908,0.30408,0.3279,0.35961,0.43668,0.30116,0.45149,0.52554,0.41986,0.18731,0.32186,0.30893,0.11138,0.17118,0.14846,0.17968,0.18533,0.17888,0.15902,0.1463,0.20244,0.16247,0.17084,0.14642,0.18084,0.16317,0.15614,0.1272,0.10846,0.16559,0.15097,0.14404,0.13341,0.18621,0.16184,0.18095,0.18731,0.18432,0.17671,0.14322,0.21269,0.17874,0.18731,0.16386,0.17103,0.17714,0.16198,0.1294,0.11884,0.17506,0.16273,0.15796,0.12397,0.17551,0.14386,0.17933,0.18764,0.16478,0.154,0.13297,0.19538,0.15133,0.16448,0.13661,0.18246,0.15747,0.16094,0.11448,0.10886,0.14928,0.16971,0.14251,0.12729,0.16995,0.16216,0.16094,0.18615,0.15396,0.1522,0.16176,0.21067,0.15266,0.17659,0.12936,0.17416,0.16515,0.16104,0.11809,0.12138,0.15983,0.17455,0.14374,0.13173,0.16906,0.16976,0.18475,0.18905,0.1853,0.16877,0.16166,0.21084,0.17239,0.18066,0.15149,0.18279,0.15884,0.15749,0.1283,0.12161,0.17058,0.16966,0.1531,0.11154,0.19009,0.15398,0.18316,0.19992,0.17784,0.17023,0.16074,0.21007,0.16504,0.1773,0.15479,0.18461,0.16479,0.15327,0.12656,0.10584,0.15644,0.17824,0.13811,0.12641,0.17071,0.16363,0.17699,0.18345,0.18055,0.15001,0.17127,0.20879,0.15596,0.17131,0.14135,0.18722,0.17831,0.16286,0.12168,0.11119,0.16118,0.15427,0.13635,0.12474,0.17589,0.15977,0.16632,0.18699,0.17278,0.15987,0.14478,0.21305,0.15587,0.16194,0.15459,0.18433,0.17434,0.17529,0.1157,0.115,0.16254,0.17027,0.14863,0.12933,0.17855,0.15585,0.18604,0.20066,0.17755,0.1731,0.14436,0.21561,0.16477,0.1846,0.1526,0.19611,0.16328,0.16584,0.1297,0.11923,0.17255,0.17223,0.13997,0.13403,0.17758,0.16406,0.17967,0.18823,0.16646,0.15844,0.14941,0.19904,0.16986,0.18775,0.13718,0.18943,0.17309,0.18051,0.1349,0.11995,0.16662,0.17187,0.15472,0.12796,0.19027,0.16224,0.18815,0.1885,0.19846,0.15838,0.14117,0.20485,0.17213,0.1815,0.16294,0.19883,0.16122,0.1869,0.1271,0.11305,0.19392,0.16299,0.15654,0.1281,0.1818,0.14828,0.17285,0.21214,0.18268,0.16446,0.15915,0.22363,0.16633,0.17773,0.15894,0.17843,0.16231,0.18135,0.13686,0.11928,0.17209,0.1567,0.14379,0.12553,0.17207,0.15319,0.18027,0.20636,0.17622,0.17151,0.14691,0.20299,0.15815,0.16704,0.14979,0.18283,0.16435,0.17969,0.12789,0.11338,0.1546,0.16155,0.14597
hsa6258,0.36591,0.34468,0.37863,0.33991,0.32535,0.44595,0.36286,0.28514,0.42593,0.31464,0.33939,0.3475,0.44819,0.32931,0.41206,0.51543,0.40221,0.17903,0.32849,0.31565,0.11631,0.17466,0.17136,0.19221,0.2164,0.18361,0.17595,0.14608,0.22741,0.18619,0.1895,0.1726,0.20835,0.19854,0.14796,0.1438,0.12657,0.15486,0.16455,0.15221,0.14497,0.18576,0.17624,0.1946,0.22256,0.19148,0.1907,0.15457,0.20453,0.20679,0.20935,0.18414,0.19534,0.20039,0.1598,0.14982,0.12172,0.17879,0.17366,0.17328,0.13031,0.16245,0.16929,0.18615,0.21156,0.16156,0.16917,0.13411,0.20325,0.17347,0.20023,0.14824,0.21164,0.18823,0.15959,0.12409,0.11671,0.17137,0.16742,0.14329,0.12958,0.15949,0.16997,0.18032,0.21772,0.15496,0.15585,0.14665,0.21286,0.17816,0.19596,0.14909,0.21354,0.18824,0.16142,0.12965,0.12705,0.16972,0.18696,0.1529,0.1313,0.15862,0.19574,0.20204,0.2064,0.18597,0.18866,0.14274,0.21715,0.19645,0.20092,0.16705,0.2068,0.1889,0.16073,0.14845,0.13231,0.16475,0.19301,0.15471,0.12129,0.179,0.17222,0.19989,0.2425,0.18436,0.17492,0.14788,0.21235,0.18552,0.198,0.17555,0.21248,0.18767,0.15665,0.14052,0.11548,0.15341,0.18561,0.14253,0.12395,0.16694,0.17649,0.18301,0.20843,0.17333,0.15872,0.1577,0.21961,0.17224,0.1888,0.15829,0.21323,0.20197,0.16532,0.14715,0.13781,0.15983,0.17768,0.14722,0.13133,0.16615,0.17024,0.18668,0.2188,0.1752,0.18124,0.1394,0.22587,0.18402,0.18435,0.17229,0.19884,0.19565,0.17648,0.13405,0.12208,0.17471,0.18263,0.14846,0.12256,0.18264,0.18064,0.20494,0.22438,0.18731,0.19437,0.14595,0.23849,0.18823,0.20682,0.17934,0.22324,0.19901,0.16971,0.14953,0.13309,0.17218,0.18704,0.14872,0.12762,0.17034,0.18341,0.20019,0.22494,0.17492,0.17066,0.15034,0.20457,0.1988,0.21334,0.16397,0.2131,0.19838,0.19324,0.14402,0.12709,0.15688,0.19711,0.15753,0.12908,0.19166,0.18969,0.19462,0.21798,0.19157,0.16764,0.14508,0.21394,0.2037,0.21381,0.17689,0.21835,0.20281,0.18491,0.14186,0.13472,0.18088,0.18584,0.16572,0.13205,0.17446,0.17811,0.18391,0.23429,0.19274,0.17824,0.16033,0.23567,0.18304,0.20158,0.17752,0.19823,0.19348,0.18027,0.1449,0.12651,0.17187,0.17161,0.14109,0.12345,0.17348,0.17063,0.19695,0.24471,0.18108,0.1841,0.14924,0.20889,0.18926,0.19388,0.17003,0.20796,0.20439,0.17959,0.14485,0.12456,0.1666,0.16617,0.14596
hsa7421,0.36638,0.42013,0.40066,0.35928,0.36311,0.46458,0.41882,0.27203,0.41433,0.34602,0.37916,0.41329,0.47544,0.328,0.36421,0.46957,0.39847,0.20365,0.31765,0.33951,0.10979,0.18709,0.15691,0.17018,0.20763,0.1639,0.16716,0.12376,0.19075,0.16385,0.17425,0.16635,0.18082,0.17279,0.13778,0.13649,0.11954,0.15368,0.15345,0.13591,0.12426,0.20831,0.16149,0.17529,0.24079,0.1763,0.19029,0.13262,0.1845,0.1879,0.18847,0.18388,0.16264,0.18792,0.13366,0.14444,0.10302,0.17259,0.15366,0.15533,0.10913,0.16223,0.14388,0.16767,0.212,0.15044,0.15244,0.12264,0.16444,0.16076,0.17534,0.14134,0.17821,0.16722,0.13875,0.12462,0.12034,0.17476,0.15808,0.13418,0.12116,0.17913,0.16983,0.16352,0.20973,0.15103,0.15186,0.13525,0.18013,0.17258,0.18222,0.13608,0.18129,0.17172,0.14507,0.13299,0.11574,0.16459,0.15399,0.14353,0.11823,0.17642,0.17656,0.19426,0.21621,0.17059,0.18466,0.12482,0.19486,0.18902,0.19033,0.16494,0.17473,0.17748,0.15227,0.14975,0.12197,0.17527,0.16093,0.15214,0.10759,0.1834,0.16761,0.18837,0.22835,0.1606,0.17687,0.13339,0.20083,0.17441,0.18346,0.17202,0.17271,0.17876,0.14788,0.14488,0.11354,0.16644,0.18155,0.1443,0.11125,0.16951,0.16831,0.17004,0.20884,0.15985,0.15034,0.14266,0.18279,0.16718,0.16553,0.15136,0.18091,0.17642,0.1526,0.14917,0.12735,0.17012,0.16155,0.13445,0.11232,0.19727,0.15642,0.17046,0.20112,0.16594,0.181,0.13065,0.20086,0.16173,0.16931,0.16496,0.16363,0.18403,0.15054,0.1405,0.11047,0.17378,0.18104,0.13503,0.11188,0.21208,0.17322,0.19266,0.22451,0.1788,0.18632,0.11688,0.20863,0.17908,0.19319,0.17083,0.18036,0.1794,0.16706,0.14603,0.11689,0.17717,0.17598,0.13944,0.12077,0.19081,0.17408,0.18366,0.21133,0.16698,0.17228,0.13268,0.18996,0.19359,0.19849,0.17561,0.18251,0.18958,0.16874,0.14157,0.11297,0.16362,0.16744,0.1499,0.11239,0.19283,0.16922,0.18127,0.21664,0.1751,0.17062,0.13889,0.19674,0.18241,0.19209,0.1774,0.16219,0.17753,0.17805,0.1445,0.11145,0.18474,0.15902,0.14354,0.11874,0.20128,0.16807,0.17769,0.22822,0.17934,0.18831,0.14683,0.21001,0.16804,0.18317,0.16665,0.16561,0.17584,0.16371,0.14158,0.11997,0.17498,0.15931,0.13708,0.1121,0.20611,0.1617,0.17829,0.23628,0.17025,0.18054,0.13322,0.1744,0.16846,0.17228,0.17141,0.16609,0.1736,0.16193,0.13106,0.11413,0.17641,0.16041,0.14079
hsa8856,0.36676,0.40909,0.41598,0.37723,0.35127,0.46488,0.42062,0.27048,0.407,0.34907,0.38476,0.41194,0.48187,0.33479,0.36553,0.48541,0.3971,0.19795,0.32635,0.33668,0.10837,0.18172,0.14373,0.17987,0.19781,0.15491,0.14703,0.11595,0.17601,0.16614,0.17699,0.15244,0.1827,0.17267,0.12701,0.12794,0.10532,0.13951,0.15121,0.12899,0.11739,0.19117,0.15618,0.17688,0.20547,0.16458,0.1744,0.12564,0.17267,0.19463,0.19097,0.1709,0.18148,0.18524,0.14743,0.12994,0.095786,0.1503,0.15299,0.15786,0.11412,0.16801,0.13922,0.16703,0.20748,0.14337,0.14483,0.11959,0.156,0.15127,0.16672,0.14233,0.17692,0.16884,0.141,0.11351,0.10234,0.14491,0.15392,0.13134,0.11622,0.16774,0.16119,0.16618,0.2161,0.14009,0.14614,0.13454,0.18192,0.159,0.17256,0.13818,0.17319,0.18113,0.14788,0.11634,0.11052,0.14772,0.1471,0.14346,0.12021,0.16833,0.1681,0.18295,0.21336,0.14914,0.16116,0.13038,0.17994,0.18079,0.17869,0.15797,0.17693,0.18656,0.14788,0.14266,0.10911,0.14132,0.17398,0.14312,0.10488,0.18676,0.15764,0.18548,0.21401,0.15961,0.15525,0.13699,0.17381,0.17629,0.1781,0.16523,0.1861,0.17446,0.15334,0.13389,0.10198,0.14635,0.16859,0.1269,0.10788,0.16028,0.16014,0.18989,0.20049,0.13845,0.13687,0.14817,0.18155,0.15245,0.1767,0.13082,0.18191,0.17005,0.14369,0.13403,0.10678,0.13963,0.16457,0.12542,0.11049,0.18483,0.16038,0.16342,0.21974,0.15703,0.16104,0.13052,0.1968,0.16331,0.17051,0.15911,0.18331,0.17477,0.1526,0.12679,0.10673,0.15628,0.16514,0.12892,0.11071,0.18585,0.16232,0.18061,0.24375,0.15977,0.17307,0.11778,0.19337,0.17858,0.18311,0.16209,0.18527,0.17408,0.14945,0.13022,0.10573,0.14995,0.15762,0.14521,0.11927,0.18427,0.16818,0.19726,0.20768,0.16,0.1681,0.13406,0.1963,0.18885,0.20503,0.15301,0.18936,0.194,0.16818,0.13387,0.11011,0.15214,0.16003,0.15573,0.11427,0.19999,0.16306,0.17399,0.23373,0.16081,0.15076,0.13502,0.17531,0.16491,0.17749,0.17088,0.17402,0.17438,0.17392,0.13045,0.11083,0.15227,0.14996,0.13812,0.10991,0.19102,0.15637,0.17849,0.22085,0.16767,0.1583,0.13559,0.17932,0.16209,0.16917,0.17059,0.17844,0.17735,0.17882,0.12345,0.10831,0.15659,0.15694,0.13385,0.10827,0.18189,0.16457,0.17824,0.22403,0.15539,0.1573,0.13513,0.17785,0.16581,0.17985,0.17035,0.18488,0.18717,0.15737,0.12116,0.1057,0.15233,0.1582,0.13017
hsa9970,0.34433,0.40496,0.3887,0.3549,0.3578,0.44321,0.3923,0.22895,0.41038,0.35969,0.37424,0.42006,0.47923,0.33234,0.30999,0.43704,0.36518,0.19575,0.32,0.32813,0.11713,0.20273,0.15084,0.18422,0.21865,0.18414,0.17204,0.12695,0.19125,0.19133,0.17997,0.17584,0.1807,0.18234,0.14593,0.14963,0.12078,0.17501,0.16334,0.14536,0.15182,0.21232,0.1831,0.19848,0.23596,0.19067,0.1928,0.13403,0.20821,0.22421,0.20274,0.20932,0.18288,0.19949,0.15041,0.1588,0.10841,0.18101,0.16845,0.17739,0.1324,0.1755,0.16908,0.1844,0.22362,0.16459,0.15696,0.12314,0.16724,0.16997,0.18234,0.16205,0.18442,0.17553,0.16099,0.12524,0.11134,0.18287,0.17014,0.14409,0.13577,0.1899,0.19391,0.17463,0.23631,0.16728,0.16052,0.13351,0.19835,0.19702,0.19557,0.16755,0.19047,0.19425,0.17186,0.14107,0.10735,0.17501,0.16532,0.16269,0.13582,0.18677,0.19628,0.21544,0.22686,0.19646,0.19646,0.12538,0.19835,0.22311,0.20458,0.19397,0.19449,0.187,0.1719,0.16829,0.1269,0.14507,0.18941,0.17907,0.13011,0.20751,0.18303,0.20199,0.25515,0.18185,0.183,0.13379,0.1928,0.19805,0.19123,0.20651,0.1916,0.18296,0.17394,0.14649,0.10219,0.18132,0.18929,0.15048,0.13094,0.18048,0.18627,0.19976,0.21324,0.17921,0.158,0.14122,0.20085,0.16717,0.16994,0.16811,0.18126,0.18586,0.16811,0.15666,0.12503,0.17691,0.17406,0.13536,0.13516,0.20337,0.18003,0.19172,0.22642,0.19399,0.18347,0.12808,0.22315,0.19245,0.18978,0.19698,0.1886,0.20997,0.17368,0.15589,0.11415,0.18483,0.18181,0.15872,0.13212,0.21808,0.19312,0.21131,0.23297,0.20036,0.19994,0.10469,0.2144,0.20396,0.19568,0.21232,0.20566,0.19071,0.17957,0.15331,0.1193,0.17594,0.18514,0.16326,0.134,0.20109,0.19746,0.20504,0.22818,0.17311,0.18258,0.12591,0.20909,0.21188,0.21472,0.18449,0.20472,0.20343,0.18947,0.1601,0.12074,0.16745,0.17653,0.16431,0.13571,0.22008,0.19049,0.19452,0.22886,0.20206,0.18012,0.14784,0.19565,0.20641,0.20265,0.21673,0.19043,0.19542,0.19015,0.14972,0.11714,0.19399,0.17208,0.16686,0.13369,0.21875,0.17927,0.19569,0.23898,0.2095,0.19567,0.13833,0.22163,0.19943,0.19878,0.21057,0.18719,0.20466,0.19329,0.15086,0.1228,0.18818,0.16086,0.15254,0.12701,0.21643,0.18947,0.20295,0.26049,0.18919,0.19046,0.12991,0.20887,0.19243,0.1796,0.19541,0.17431,0.20355,0.18115,0.14386,0.11635,0.19494,0.17221,0.14624
hsa9971,0.36142,0.37462,0.39696,0.33855,0.31249,0.46171,0.39226,0.27543,0.42548,0.33533,0.35482,0.38464,0.45019,0.31189,0.40268,0.50385,0.40471,0.18599,0.31396,0.32496,0.11581,0.17325,0.15904,0.18411,0.17424,0.19001,0.17323,0.13386,0.20976,0.18175,0.18775,0.16089,0.17996,0.18256,0.14113,0.1277,0.10782,0.14498,0.16897,0.15305,0.13307,0.18725,0.17334,0.18666,0.20498,0.18964,0.19153,0.14746,0.2147,0.19279,0.19217,0.1905,0.163,0.19928,0.15751,0.1381,0.10723,0.1529,0.17626,0.16498,0.11864,0.15951,0.14879,0.16713,0.18121,0.16128,0.14751,0.13203,0.1783,0.1568,0.17712,0.14702,0.1889,0.16852,0.1498,0.12472,0.10558,0.14755,0.1623,0.13442,0.12355,0.17699,0.1661,0.16447,0.18738,0.16328,0.15798,0.13958,0.21324,0.16954,0.18613,0.15049,0.18697,0.18252,0.16394,0.1231,0.1125,0.14616,0.17582,0.14843,0.12172,0.16587,0.16718,0.1833,0.19227,0.18428,0.18306,0.13793,0.21701,0.18455,0.19327,0.16141,0.18324,0.17649,0.14884,0.14061,0.11118,0.15125,0.17765,0.15494,0.11864,0.19101,0.16837,0.18886,0.198,0.18424,0.1764,0.1483,0.20836,0.18757,0.19377,0.1808,0.18891,0.18288,0.15326,0.13511,0.097617,0.14789,0.18114,0.14378,0.12307,0.16399,0.16721,0.17783,0.18204,0.17093,0.15886,0.14908,0.2154,0.17086,0.17721,0.16009,0.18257,0.17948,0.15631,0.14006,0.11993,0.15243,0.17007,0.14162,0.11827,0.16895,0.16263,0.17588,0.18743,0.17605,0.1792,0.13755,0.2364,0.17366,0.17762,0.16679,0.18531,0.18908,0.172,0.13804,0.11328,0.15046,0.16871,0.14423,0.12289,0.18642,0.16426,0.18247,0.20426,0.18244,0.18427,0.1249,0.22944,0.17614,0.19156,0.17437,0.1834,0.18534,0.17513,0.14053,0.11728,0.14655,0.1856,0.14102,0.12192,0.17126,0.16916,0.19227,0.18968,0.17392,0.1655,0.14955,0.22432,0.19427,0.19351,0.16079,0.1874,0.18994,0.1718,0.13855,0.11347,0.14429,0.18204,0.16386,0.1205,0.18504,0.16328,0.17976,0.20033,0.18347,0.16571,0.15352,0.22521,0.18597,0.1939,0.18154,0.1772,0.17269,0.17552,0.142,0.11379,0.16017,0.17006,0.16154,0.11905,0.17906,0.16619,0.18472,0.201,0.18972,0.18182,0.15056,0.21538,0.16602,0.18992,0.17545,0.17847,0.18016,0.17595,0.13825,0.10937,0.15738,0.17784,0.13232,0.11995,0.17902,0.16678,0.18183,0.20556,0.18104,0.1817,0.13606,0.216,0.16277,0.16984,0.17862,0.1798,0.17914,0.18358,0.14018,0.11229,0.15318,0.17007,0.14552
